month,release,employment_sa
2020-01,2021-02,152234000.0
2020-02,2021-02,152523000.0
2020-03,2021-02,150840000.0
2020-04,2021-02,130161000.0
2020-05,2021-02,132994000.0
2020-06,2021-02,137840000.0
2020-07,2021-02,139566000.0
2020-08,2021-02,141149000.0
2020-09,2021-02,141865000.0
2020-10,2021-02,142545000.0
2020-11,2021-02,142809000.0
2020-12,2021-02,142582000.0
2021-01,2021-02,142631000.0
2020-01,2021-03,152234000.0
2020-02,2021-03,152523000.0
2020-03,2021-03,150840000.0
2020-04,2021-03,130161000.0
2020-05,2021-03,132994000.0
2020-06,2021-03,137840000.0
2020-07,2021-03,139566000.0
2020-08,2021-03,141149000.0
2020-09,2021-03,141865000.0
2020-10,2021-03,142545000.0
2020-11,2021-03,142809000.0
2020-12,2021-03,142503000.0
2021-01,2021-03,142669000.0
2021-02,2021-03,143048000.0
2020-01,2021-04,152234000.0
2020-02,2021-04,152523000.0
2020-03,2021-04,150840000.0
2020-04,2021-04,130161000.0
2020-05,2021-04,132994000.0
2020-06,2021-04,137840000.0
2020-07,2021-04,139566000.0
2020-08,2021-04,141149000.0
2020-09,2021-04,141865000.0
2020-10,2021-04,142545000.0
2020-11,2021-04,142809000.0
2020-12,2021-04,142503000.0
2021-01,2021-04,142736000.0
2021-02,2021-04,143204000.0
2021-03,2021-04,144120000.0
2020-01,2021-05,152234000.0
2020-02,2021-05,152523000.0
2020-03,2021-05,150840000.0
2020-04,2021-05,130161000.0
2020-05,2021-05,132994000.0
2020-06,2021-05,137840000.0
2020-07,2021-05,139566000.0
2020-08,2021-05,141149000.0
2020-09,2021-05,141865000.0
2020-10,2021-05,142545000.0
2020-11,2021-05,142809000.0
2020-12,2021-05,142503000.0
2021-01,2021-05,142736000.0
2021-02,2021-05,143272000.0
2021-03,2021-05,144042000.0
2021-04,2021-05,144308000.0
2020-01,2021-06,152234000.0
2020-02,2021-06,152523000.0
2020-03,2021-06,150840000.0
2020-04,2021-06,130161000.0
2020-05,2021-06,132994000.0
2020-06,2021-06,137840000.0
2020-07,2021-06,139566000.0
2020-08,2021-06,141149000.0
2020-09,2021-06,141865000.0
2020-10,2021-06,142545000.0
2020-11,2021-06,142809000.0
2020-12,2021-06,142503000.0
2021-01,2021-06,142736000.0
2021-02,2021-06,143272000.0
2021-03,2021-06,144057000.0
2021-04,2021-06,144335000.0
2021-05,2021-06,144894000.0
2020-01,2021-07,152234000.0
2020-02,2021-07,152523000.0
2020-03,2021-07,150840000.0
2020-04,2021-07,130161000.0
2020-05,2021-07,132994000.0
2020-06,2021-07,137840000.0
2020-07,2021-07,139566000.0
2020-08,2021-07,141149000.0
2020-09,2021-07,141865000.0
2020-10,2021-07,142545000.0
2020-11,2021-07,142809000.0
2020-12,2021-07,142503000.0
2021-01,2021-07,142736000.0
2021-02,2021-07,143272000.0
2021-03,2021-07,144057000.0
2021-04,2021-07,144326000.0
2021-05,2021-07,144909000.0
2021-06,2021-07,145759000.0
2020-01,2021-08,152234000.0
2020-02,2021-08,152523000.0
2020-03,2021-08,150840000.0
2020-04,2021-08,130161000.0
2020-05,2021-08,132994000.0
2020-06,2021-08,137840000.0
2020-07,2021-08,139566000.0
2020-08,2021-08,141149000.0
2020-09,2021-08,141865000.0
2020-10,2021-08,142545000.0
2020-11,2021-08,142809000.0
2020-12,2021-08,142503000.0
2021-01,2021-08,142736000.0
2021-02,2021-08,143272000.0
2021-03,2021-08,144057000.0
2021-04,2021-08,144326000.0
2021-05,2021-08,144940000.0
2021-06,2021-08,145878000.0
2021-07,2021-08,146821000.0
2020-01,2021-09,152234000.0
2020-02,2021-09,152523000.0
2020-03,2021-09,150840000.0
2020-04,2021-09,130161000.0
2020-05,2021-09,132994000.0
2020-06,2021-09,137840000.0
2020-07,2021-09,139566000.0
2020-08,2021-09,141149000.0
2020-09,2021-09,141865000.0
2020-10,2021-09,142545000.0
2020-11,2021-09,142809000.0
2020-12,2021-09,142503000.0
2021-01,2021-09,142736000.0
2021-02,2021-09,143272000.0
2021-03,2021-09,144057000.0
2021-04,2021-09,144326000.0
2021-05,2021-09,144940000.0
2021-06,2021-09,145902000.0
2021-07,2021-09,146955000.0
2021-08,2021-09,147190000.0
2020-01,2021-10,152234000.0
2020-02,2021-10,152523000.0
2020-03,2021-10,150840000.0
2020-04,2021-10,130161000.0
2020-05,2021-10,132994000.0
2020-06,2021-10,137840000.0
2020-07,2021-10,139566000.0
2020-08,2021-10,141149000.0
2020-09,2021-10,141865000.0
2020-10,2021-10,142545000.0
2020-11,2021-10,142809000.0
2020-12,2021-10,142503000.0
2021-01,2021-10,142736000.0
2021-02,2021-10,143272000.0
2021-03,2021-10,144057000.0
2021-04,2021-10,144326000.0
2021-05,2021-10,144940000.0
2021-06,2021-10,145902000.0
2021-07,2021-10,146993000.0
2021-08,2021-10,147359000.0
2021-09,2021-10,147553000.0
2020-01,2021-11,152234000.0
2020-02,2021-11,152523000.0
2020-03,2021-11,150840000.0
2020-04,2021-11,130161000.0
2020-05,2021-11,132994000.0
2020-06,2021-11,137840000.0
2020-07,2021-11,139566000.0
2020-08,2021-11,141149000.0
2020-09,2021-11,141865000.0
2020-10,2021-11,142545000.0
2020-11,2021-11,142809000.0
2020-12,2021-11,142503000.0
2021-01,2021-11,142736000.0
2021-02,2021-11,143272000.0
2021-03,2021-11,144057000.0
2021-04,2021-11,144326000.0
2021-05,2021-11,144940000.0
2021-06,2021-11,145902000.0
2021-07,2021-11,146993000.0
2021-08,2021-11,147476000.0
2021-09,2021-11,147788000.0
2021-10,2021-11,148319000.0
2020-01,2021-12,152234000.0
2020-02,2021-12,152523000.0
2020-03,2021-12,150840000.0
2020-04,2021-12,130161000.0
2020-05,2021-12,132994000.0
2020-06,2021-12,137840000.0
2020-07,2021-12,139566000.0
2020-08,2021-12,141149000.0
2020-09,2021-12,141865000.0
2020-10,2021-12,142545000.0
2020-11,2021-12,142809000.0
2020-12,2021-12,142503000.0
2021-01,2021-12,142736000.0
2021-02,2021-12,143272000.0
2021-03,2021-12,144057000.0
2021-04,2021-12,144326000.0
2021-05,2021-12,144940000.0
2021-06,2021-12,145902000.0
2021-07,2021-12,146993000.0
2021-08,2021-12,147476000.0
2021-09,2021-12,147855000.0
2021-10,2021-12,148401000.0
2021-11,2021-12,148611000.0
2020-01,2022-01,152234000.0
2020-02,2022-01,152523000.0
2020-03,2022-01,150840000.0
2020-04,2022-01,130161000.0
2020-05,2022-01,132994000.0
2020-06,2022-01,137840000.0
2020-07,2022-01,139566000.0
2020-08,2022-01,141149000.0
2020-09,2022-01,141865000.0
2020-10,2022-01,142545000.0
2020-11,2022-01,142809000.0
2020-12,2022-01,142503000.0
2021-01,2022-01,142736000.0
2021-02,2022-01,143272000.0
2021-03,2022-01,144057000.0
2021-04,2022-01,144326000.0
2021-05,2022-01,144940000.0
2021-06,2022-01,145902000.0
2021-07,2022-01,146993000.0
2021-08,2022-01,147476000.0
2021-09,2022-01,147855000.0
2021-10,2022-01,148503000.0
2021-11,2022-01,148752000.0
2021-12,2022-01,148951000.0
2020-01,2022-02,152128000.0
2020-02,2022-02,152504000.0
2020-03,2022-02,151006000.0
2020-04,2022-02,130513000.0
2020-05,2022-02,133155000.0
2020-06,2022-02,137660000.0
2020-07,2022-02,139048000.0
2020-08,2022-02,140713000.0
2020-09,2022-02,141632000.0
2020-10,2022-02,142279000.0
2020-11,2022-02,142612000.0
2020-12,2022-02,142497000.0
2021-01,2022-02,143017000.0
2021-02,2022-02,143727000.0
2021-03,2022-02,144431000.0
2021-04,2022-02,144694000.0
2021-05,2022-02,145141000.0
2021-06,2022-02,145698000.0
2021-07,2022-02,146387000.0
2021-08,2022-02,146904000.0
2021-09,2022-02,147328000.0
2021-10,2022-02,148005000.0
2021-11,2022-02,148652000.0
2021-12,2022-02,149162000.0
2022-01,2022-02,149629000.0
2020-01,2022-03,152128000.0
2020-02,2022-03,152504000.0
2020-03,2022-03,151006000.0
2020-04,2022-03,130513000.0
2020-05,2022-03,133155000.0
2020-06,2022-03,137660000.0
2020-07,2022-03,139048000.0
2020-08,2022-03,140713000.0
2020-09,2022-03,141632000.0
2020-10,2022-03,142279000.0
2020-11,2022-03,142612000.0
2020-12,2022-03,142497000.0
2021-01,2022-03,143017000.0
2021-02,2022-03,143727000.0
2021-03,2022-03,144431000.0
2021-04,2022-03,144694000.0
2021-05,2022-03,145141000.0
2021-06,2022-03,145698000.0
2021-07,2022-03,146387000.0
2021-08,2022-03,146904000.0
2021-09,2022-03,147328000.0
2021-10,2022-03,148005000.0
2021-11,2022-03,148652000.0
2021-12,2022-03,149240000.0
2022-01,2022-03,149721000.0
2022-02,2022-03,150399000.0
2020-01,2022-04,152128000.0
2020-02,2022-04,152504000.0
2020-03,2022-04,151006000.0
2020-04,2022-04,130513000.0
2020-05,2022-04,133155000.0
2020-06,2022-04,137660000.0
2020-07,2022-04,139048000.0
2020-08,2022-04,140713000.0
2020-09,2022-04,141632000.0
2020-10,2022-04,142279000.0
2020-11,2022-04,142612000.0
2020-12,2022-04,142497000.0
2021-01,2022-04,143017000.0
2021-02,2022-04,143727000.0
2021-03,2022-04,144431000.0
2021-04,2022-04,144694000.0
2021-05,2022-04,145141000.0
2021-06,2022-04,145698000.0
2021-07,2022-04,146387000.0
2021-08,2022-04,146904000.0
2021-09,2022-04,147328000.0
2021-10,2022-04,148005000.0
2021-11,2022-04,148652000.0
2021-12,2022-04,149240000.0
2022-01,2022-04,149744000.0
2022-02,2022-04,150494000.0
2022-03,2022-04,150925000.0
2020-01,2022-05,152128000.0
2020-02,2022-05,152504000.0
2020-03,2022-05,151006000.0
2020-04,2022-05,130513000.0
2020-05,2022-05,133155000.0
2020-06,2022-05,137660000.0
2020-07,2022-05,139048000.0
2020-08,2022-05,140713000.0
2020-09,2022-05,141632000.0
2020-10,2022-05,142279000.0
2020-11,2022-05,142612000.0
2020-12,2022-05,142497000.0
2021-01,2022-05,143017000.0
2021-02,2022-05,143727000.0
2021-03,2022-05,144431000.0
2021-04,2022-05,144694000.0
2021-05,2022-05,145141000.0
2021-06,2022-05,145698000.0
2021-07,2022-05,146387000.0
2021-08,2022-05,146904000.0
2021-09,2022-05,147328000.0
2021-10,2022-05,148005000.0
2021-11,2022-05,148652000.0
2021-12,2022-05,149240000.0
2022-01,2022-05,149744000.0
2022-02,2022-05,150458000.0
2022-03,2022-05,150886000.0
2022-04,2022-05,151314000.0
2020-01,2022-06,152128000.0
2020-02,2022-06,152504000.0
2020-03,2022-06,151006000.0
2020-04,2022-06,130513000.0
2020-05,2022-06,133155000.0
2020-06,2022-06,137660000.0
2020-07,2022-06,139048000.0
2020-08,2022-06,140713000.0
2020-09,2022-06,141632000.0
2020-10,2022-06,142279000.0
2020-11,2022-06,142612000.0
2020-12,2022-06,142497000.0
2021-01,2022-06,143017000.0
2021-02,2022-06,143727000.0
2021-03,2022-06,144431000.0
2021-04,2022-06,144694000.0
2021-05,2022-06,145141000.0
2021-06,2022-06,145698000.0
2021-07,2022-06,146387000.0
2021-08,2022-06,146904000.0
2021-09,2022-06,147328000.0
2021-10,2022-06,148005000.0
2021-11,2022-06,148652000.0
2021-12,2022-06,149240000.0
2022-01,2022-06,149744000.0
2022-02,2022-06,150458000.0
2022-03,2022-06,150856000.0
2022-04,2022-06,151292000.0
2022-05,2022-06,151682000.0
2020-01,2022-07,152128000.0
2020-02,2022-07,152504000.0
2020-03,2022-07,151006000.0
2020-04,2022-07,130513000.0
2020-05,2022-07,133155000.0
2020-06,2022-07,137660000.0
2020-07,2022-07,139048000.0
2020-08,2022-07,140713000.0
2020-09,2022-07,141632000.0
2020-10,2022-07,142279000.0
2020-11,2022-07,142612000.0
2020-12,2022-07,142497000.0
2021-01,2022-07,143017000.0
2021-02,2022-07,143727000.0
2021-03,2022-07,144431000.0
2021-04,2022-07,144694000.0
2021-05,2022-07,145141000.0
2021-06,2022-07,145698000.0
2021-07,2022-07,146387000.0
2021-08,2022-07,146904000.0
2021-09,2022-07,147328000.0
2021-10,2022-07,148005000.0
2021-11,2022-07,148652000.0
2021-12,2022-07,149240000.0
2022-01,2022-07,149744000.0
2022-02,2022-07,150458000.0
2022-03,2022-07,150856000.0
2022-04,2022-07,151224000.0
2022-05,2022-07,151608000.0
2022-06,2022-07,151980000.0
2020-01,2022-08,152128000.0
2020-02,2022-08,152504000.0
2020-03,2022-08,151006000.0
2020-04,2022-08,130513000.0
2020-05,2022-08,133155000.0
2020-06,2022-08,137660000.0
2020-07,2022-08,139048000.0
2020-08,2022-08,140713000.0
2020-09,2022-08,141632000.0
2020-10,2022-08,142279000.0
2020-11,2022-08,142612000.0
2020-12,2022-08,142497000.0
2021-01,2022-08,143017000.0
2021-02,2022-08,143727000.0
2021-03,2022-08,144431000.0
2021-04,2022-08,144694000.0
2021-05,2022-08,145141000.0
2021-06,2022-08,145698000.0
2021-07,2022-08,146387000.0
2021-08,2022-08,146904000.0
2021-09,2022-08,147328000.0
2021-10,2022-08,148005000.0
2021-11,2022-08,148652000.0
2021-12,2022-08,149240000.0
2022-01,2022-08,149744000.0
2022-02,2022-08,150458000.0
2022-03,2022-08,150856000.0
2022-04,2022-08,151224000.0
2022-05,2022-08,151610000.0
2022-06,2022-08,152008000.0
2022-07,2022-08,152536000.0
2020-01,2022-09,152128000.0
2020-02,2022-09,152504000.0
2020-03,2022-09,151006000.0
2020-04,2022-09,130513000.0
2020-05,2022-09,133155000.0
2020-06,2022-09,137660000.0
2020-07,2022-09,139048000.0
2020-08,2022-09,140713000.0
2020-09,2022-09,141632000.0
2020-10,2022-09,142279000.0
2020-11,2022-09,142612000.0
2020-12,2022-09,142497000.0
2021-01,2022-09,143017000.0
2021-02,2022-09,143727000.0
2021-03,2022-09,144431000.0
2021-04,2022-09,144694000.0
2021-05,2022-09,145141000.0
2021-06,2022-09,145698000.0
2021-07,2022-09,146387000.0
2021-08,2022-09,146904000.0
2021-09,2022-09,147328000.0
2021-10,2022-09,148005000.0
2021-11,2022-09,148652000.0
2021-12,2022-09,149240000.0
2022-01,2022-09,149744000.0
2022-02,2022-09,150458000.0
2022-03,2022-09,150856000.0
2022-04,2022-09,151224000.0
2022-05,2022-09,151610000.0
2022-06,2022-09,151903000.0
2022-07,2022-09,152429000.0
2022-08,2022-09,152744000.0
2020-01,2022-10,152128000.0
2020-02,2022-10,152504000.0
2020-03,2022-10,151006000.0
2020-04,2022-10,130513000.0
2020-05,2022-10,133155000.0
2020-06,2022-10,137660000.0
2020-07,2022-10,139048000.0
2020-08,2022-10,140713000.0
2020-09,2022-10,141632000.0
2020-10,2022-10,142279000.0
2020-11,2022-10,142612000.0
2020-12,2022-10,142497000.0
2021-01,2022-10,143017000.0
2021-02,2022-10,143727000.0
2021-03,2022-10,144431000.0
2021-04,2022-10,144694000.0
2021-05,2022-10,145141000.0
2021-06,2022-10,145698000.0
2021-07,2022-10,146387000.0
2021-08,2022-10,146904000.0
2021-09,2022-10,147328000.0
2021-10,2022-10,148005000.0
2021-11,2022-10,148652000.0
2021-12,2022-10,149240000.0
2022-01,2022-10,149744000.0
2022-02,2022-10,150458000.0
2022-03,2022-10,150856000.0
2022-04,2022-10,151224000.0
2022-05,2022-10,151610000.0
2022-06,2022-10,151903000.0
2022-07,2022-10,152440000.0
2022-08,2022-10,152755000.0
2022-09,2022-10,153018000.0
2020-01,2022-11,152128000.0
2020-02,2022-11,152504000.0
2020-03,2022-11,151006000.0
2020-04,2022-11,130513000.0
2020-05,2022-11,133155000.0
2020-06,2022-11,137660000.0
2020-07,2022-11,139048000.0
2020-08,2022-11,140713000.0
2020-09,2022-11,141632000.0
2020-10,2022-11,142279000.0
2020-11,2022-11,142612000.0
2020-12,2022-11,142497000.0
2021-01,2022-11,143017000.0
2021-02,2022-11,143727000.0
2021-03,2022-11,144431000.0
2021-04,2022-11,144694000.0
2021-05,2022-11,145141000.0
2021-06,2022-11,145698000.0
2021-07,2022-11,146387000.0
2021-08,2022-11,146904000.0
2021-09,2022-11,147328000.0
2021-10,2022-11,148005000.0
2021-11,2022-11,148652000.0
2021-12,2022-11,149240000.0
2022-01,2022-11,149744000.0
2022-02,2022-11,150458000.0
2022-03,2022-11,150856000.0
2022-04,2022-11,151224000.0
2022-05,2022-11,151610000.0
2022-06,2022-11,151903000.0
2022-07,2022-11,152440000.0
2022-08,2022-11,152732000.0
2022-09,2022-11,153047000.0
2022-10,2022-11,153308000.0
2020-01,2022-12,152128000.0
2020-02,2022-12,152504000.0
2020-03,2022-12,151006000.0
2020-04,2022-12,130513000.0
2020-05,2022-12,133155000.0
2020-06,2022-12,137660000.0
2020-07,2022-12,139048000.0
2020-08,2022-12,140713000.0
2020-09,2022-12,141632000.0
2020-10,2022-12,142279000.0
2020-11,2022-12,142612000.0
2020-12,2022-12,142497000.0
2021-01,2022-12,143017000.0
2021-02,2022-12,143727000.0
2021-03,2022-12,144431000.0
2021-04,2022-12,144694000.0
2021-05,2022-12,145141000.0
2021-06,2022-12,145698000.0
2021-07,2022-12,146387000.0
2021-08,2022-12,146904000.0
2021-09,2022-12,147328000.0
2021-10,2022-12,148005000.0
2021-11,2022-12,148652000.0
2021-12,2022-12,149240000.0
2022-01,2022-12,149744000.0
2022-02,2022-12,150458000.0
2022-03,2022-12,150856000.0
2022-04,2022-12,151224000.0
2022-05,2022-12,151610000.0
2022-06,2022-12,151903000.0
2022-07,2022-12,152440000.0
2022-08,2022-12,152732000.0
2022-09,2022-12,153001000.0
2022-10,2022-12,153285000.0
2022-11,2022-12,153548000.0
2020-01,2023-01,152128000.0
2020-02,2023-01,152504000.0
2020-03,2023-01,151006000.0
2020-04,2023-01,130513000.0
2020-05,2023-01,133155000.0
2020-06,2023-01,137660000.0
2020-07,2023-01,139048000.0
2020-08,2023-01,140713000.0
2020-09,2023-01,141632000.0
2020-10,2023-01,142279000.0
2020-11,2023-01,142612000.0
2020-12,2023-01,142497000.0
2021-01,2023-01,143017000.0
2021-02,2023-01,143727000.0
2021-03,2023-01,144431000.0
2021-04,2023-01,144694000.0
2021-05,2023-01,145141000.0
2021-06,2023-01,145698000.0
2021-07,2023-01,146387000.0
2021-08,2023-01,146904000.0
2021-09,2023-01,147328000.0
2021-10,2023-01,148005000.0
2021-11,2023-01,148652000.0
2021-12,2023-01,149240000.0
2022-01,2023-01,149744000.0
2022-02,2023-01,150458000.0
2022-03,2023-01,150856000.0
2022-04,2023-01,151224000.0
2022-05,2023-01,151610000.0
2022-06,2023-01,151903000.0
2022-07,2023-01,152440000.0
2022-08,2023-01,152732000.0
2022-09,2023-01,153001000.0
2022-10,2023-01,153264000.0
2022-11,2023-01,153520000.0
2022-12,2023-01,153743000.0
2020-01,2023-02,152098000.0
2020-02,2023-02,152371000.0
2020-03,2023-02,150944000.0
2020-04,2023-02,130430000.0
2020-05,2023-02,133055000.0
2020-06,2023-02,137620000.0
2020-07,2023-02,139064000.0
2020-08,2023-02,140799000.0
2020-09,2023-02,141760000.0
2020-10,2023-02,142479000.0
2020-11,2023-02,142743000.0
2020-12,2023-02,142475000.0
2021-01,2023-02,142969000.0
2021-02,2023-02,143544000.0
2021-03,2023-02,144328000.0
2021-04,2023-02,144614000.0
2021-05,2023-02,145096000.0
2021-06,2023-02,145789000.0
2021-07,2023-02,146558000.0
2021-08,2023-02,147221000.0
2021-09,2023-02,147778000.0
2021-10,2023-02,148559000.0
2021-11,2023-02,149173000.0
2021-12,2023-02,149742000.0
2022-01,2023-02,150106000.0
2022-02,2023-02,151010000.0
2022-03,2023-02,151424000.0
2022-04,2023-02,151678000.0
2022-05,2023-02,152042000.0
2022-06,2023-02,152412000.0
2022-07,2023-02,152980000.0
2022-08,2023-02,153332000.0
2022-09,2023-02,153682000.0
2022-10,2023-02,154006000.0
2022-11,2023-02,154296000.0
2022-12,2023-02,154556000.0
2023-01,2023-02,155073000.0
2020-01,2023-03,152098000.0
2020-02,2023-03,152371000.0
2020-03,2023-03,150944000.0
2020-04,2023-03,130430000.0
2020-05,2023-03,133055000.0
2020-06,2023-03,137620000.0
2020-07,2023-03,139064000.0
2020-08,2023-03,140799000.0
2020-09,2023-03,141760000.0
2020-10,2023-03,142479000.0
2020-11,2023-03,142743000.0
2020-12,2023-03,142475000.0
2021-01,2023-03,142969000.0
2021-02,2023-03,143544000.0
2021-03,2023-03,144328000.0
2021-04,2023-03,144614000.0
2021-05,2023-03,145096000.0
2021-06,2023-03,145789000.0
2021-07,2023-03,146558000.0
2021-08,2023-03,147221000.0
2021-09,2023-03,147778000.0
2021-10,2023-03,148559000.0
2021-11,2023-03,149173000.0
2021-12,2023-03,149742000.0
2022-01,2023-03,150106000.0
2022-02,2023-03,151010000.0
2022-03,2023-03,151424000.0
2022-04,2023-03,151678000.0
2022-05,2023-03,152042000.0
2022-06,2023-03,152412000.0
2022-07,2023-03,152980000.0
2022-08,2023-03,153332000.0
2022-09,2023-03,153682000.0
2022-10,2023-03,154006000.0
2022-11,2023-03,154296000.0
2022-12,2023-03,154535000.0
2023-01,2023-03,155039000.0
2023-02,2023-03,155350000.0
2020-01,2023-04,152098000.0
2020-02,2023-04,152371000.0
2020-03,2023-04,150944000.0
2020-04,2023-04,130430000.0
2020-05,2023-04,133055000.0
2020-06,2023-04,137620000.0
2020-07,2023-04,139064000.0
2020-08,2023-04,140799000.0
2020-09,2023-04,141760000.0
2020-10,2023-04,142479000.0
2020-11,2023-04,142743000.0
2020-12,2023-04,142475000.0
2021-01,2023-04,142969000.0
2021-02,2023-04,143544000.0
2021-03,2023-04,144328000.0
2021-04,2023-04,144614000.0
2021-05,2023-04,145096000.0
2021-06,2023-04,145789000.0
2021-07,2023-04,146558000.0
2021-08,2023-04,147221000.0
2021-09,2023-04,147778000.0
2021-10,2023-04,148559000.0
2021-11,2023-04,149173000.0
2021-12,2023-04,149742000.0
2022-01,2023-04,150106000.0
2022-02,2023-04,151010000.0
2022-03,2023-04,151424000.0
2022-04,2023-04,151678000.0
2022-05,2023-04,152042000.0
2022-06,2023-04,152412000.0
2022-07,2023-04,152980000.0
2022-08,2023-04,153332000.0
2022-09,2023-04,153682000.0
2022-10,2023-04,154006000.0
2022-11,2023-04,154296000.0
2022-12,2023-04,154535000.0
2023-01,2023-04,155007000.0
2023-02,2023-04,155333000.0
2023-03,2023-04,155569000.0
2020-01,2023-05,152098000.0
2020-02,2023-05,152371000.0
2020-03,2023-05,150944000.0
2020-04,2023-05,130430000.0
2020-05,2023-05,133055000.0
2020-06,2023-05,137620000.0
2020-07,2023-05,139064000.0
2020-08,2023-05,140799000.0
2020-09,2023-05,141760000.0
2020-10,2023-05,142479000.0
2020-11,2023-05,142743000.0
2020-12,2023-05,142475000.0
2021-01,2023-05,142969000.0
2021-02,2023-05,143544000.0
2021-03,2023-05,144328000.0
2021-04,2023-05,144614000.0
2021-05,2023-05,145096000.0
2021-06,2023-05,145789000.0
2021-07,2023-05,146558000.0
2021-08,2023-05,147221000.0
2021-09,2023-05,147778000.0
2021-10,2023-05,148559000.0
2021-11,2023-05,149173000.0
2021-12,2023-05,149742000.0
2022-01,2023-05,150106000.0
2022-02,2023-05,151010000.0
2022-03,2023-05,151424000.0
2022-04,2023-05,151678000.0
2022-05,2023-05,152042000.0
2022-06,2023-05,152412000.0
2022-07,2023-05,152980000.0
2022-08,2023-05,153332000.0
2022-09,2023-05,153682000.0
2022-10,2023-05,154006000.0
2022-11,2023-05,154296000.0
2022-12,2023-05,154535000.0
2023-01,2023-05,155007000.0
2023-02,2023-05,155255000.0
2023-03,2023-05,155420000.0
2023-04,2023-05,155673000.0
2020-01,2023-06,152098000.0
2020-02,2023-06,152371000.0
2020-03,2023-06,150944000.0
2020-04,2023-06,130430000.0
2020-05,2023-06,133055000.0
2020-06,2023-06,137620000.0
2020-07,2023-06,139064000.0
2020-08,2023-06,140799000.0
2020-09,2023-06,141760000.0
2020-10,2023-06,142479000.0
2020-11,2023-06,142743000.0
2020-12,2023-06,142475000.0
2021-01,2023-06,142969000.0
2021-02,2023-06,143544000.0
2021-03,2023-06,144328000.0
2021-04,2023-06,144614000.0
2021-05,2023-06,145096000.0
2021-06,2023-06,145789000.0
2021-07,2023-06,146558000.0
2021-08,2023-06,147221000.0
2021-09,2023-06,147778000.0
2021-10,2023-06,148559000.0
2021-11,2023-06,149173000.0
2021-12,2023-06,149742000.0
2022-01,2023-06,150106000.0
2022-02,2023-06,151010000.0
2022-03,2023-06,151424000.0
2022-04,2023-06,151678000.0
2022-05,2023-06,152042000.0
2022-06,2023-06,152412000.0
2022-07,2023-06,152980000.0
2022-08,2023-06,153332000.0
2022-09,2023-06,153682000.0
2022-10,2023-06,154006000.0
2022-11,2023-06,154296000.0
2022-12,2023-06,154535000.0
2023-01,2023-06,155007000.0
2023-02,2023-06,155255000.0
2023-03,2023-06,155472000.0
2023-04,2023-06,155766000.0
2023-05,2023-06,156105000.0
2020-01,2023-07,152098000.0
2020-02,2023-07,152371000.0
2020-03,2023-07,150944000.0
2020-04,2023-07,130430000.0
2020-05,2023-07,133055000.0
2020-06,2023-07,137620000.0
2020-07,2023-07,139064000.0
2020-08,2023-07,140799000.0
2020-09,2023-07,141760000.0
2020-10,2023-07,142479000.0
2020-11,2023-07,142743000.0
2020-12,2023-07,142475000.0
2021-01,2023-07,142969000.0
2021-02,2023-07,143544000.0
2021-03,2023-07,144328000.0
2021-04,2023-07,144614000.0
2021-05,2023-07,145096000.0
2021-06,2023-07,145789000.0
2021-07,2023-07,146558000.0
2021-08,2023-07,147221000.0
2021-09,2023-07,147778000.0
2021-10,2023-07,148559000.0
2021-11,2023-07,149173000.0
2021-12,2023-07,149742000.0
2022-01,2023-07,150106000.0
2022-02,2023-07,151010000.0
2022-03,2023-07,151424000.0
2022-04,2023-07,151678000.0
2022-05,2023-07,152042000.0
2022-06,2023-07,152412000.0
2022-07,2023-07,152980000.0
2022-08,2023-07,153332000.0
2022-09,2023-07,153682000.0
2022-10,2023-07,154006000.0
2022-11,2023-07,154296000.0
2022-12,2023-07,154535000.0
2023-01,2023-07,155007000.0
2023-02,2023-07,155255000.0
2023-03,2023-07,155472000.0
2023-04,2023-07,155689000.0
2023-05,2023-07,155995000.0
2023-06,2023-07,156204000.0
2020-01,2023-08,152098000.0
2020-02,2023-08,152371000.0
2020-03,2023-08,150944000.0
2020-04,2023-08,130430000.0
2020-05,2023-08,133055000.0
2020-06,2023-08,137620000.0
2020-07,2023-08,139064000.0
2020-08,2023-08,140799000.0
2020-09,2023-08,141760000.0
2020-10,2023-08,142479000.0
2020-11,2023-08,142743000.0
2020-12,2023-08,142475000.0
2021-01,2023-08,142969000.0
2021-02,2023-08,143544000.0
2021-03,2023-08,144328000.0
2021-04,2023-08,144614000.0
2021-05,2023-08,145096000.0
2021-06,2023-08,145789000.0
2021-07,2023-08,146558000.0
2021-08,2023-08,147221000.0
2021-09,2023-08,147778000.0
2021-10,2023-08,148559000.0
2021-11,2023-08,149173000.0
2021-12,2023-08,149742000.0
2022-01,2023-08,150106000.0
2022-02,2023-08,151010000.0
2022-03,2023-08,151424000.0
2022-04,2023-08,151678000.0
2022-05,2023-08,152042000.0
2022-06,2023-08,152412000.0
2022-07,2023-08,152980000.0
2022-08,2023-08,153332000.0
2022-09,2023-08,153682000.0
2022-10,2023-08,154006000.0
2022-11,2023-08,154296000.0
2022-12,2023-08,154535000.0
2023-01,2023-08,155007000.0
2023-02,2023-08,155255000.0
2023-03,2023-08,155472000.0
2023-04,2023-08,155689000.0
2023-05,2023-08,155970000.0
2023-06,2023-08,156155000.0
2023-07,2023-08,156342000.0
2020-01,2023-09,152098000.0
2020-02,2023-09,152371000.0
2020-03,2023-09,150944000.0
2020-04,2023-09,130430000.0
2020-05,2023-09,133055000.0
2020-06,2023-09,137620000.0
2020-07,2023-09,139064000.0
2020-08,2023-09,140799000.0
2020-09,2023-09,141760000.0
2020-10,2023-09,142479000.0
2020-11,2023-09,142743000.0
2020-12,2023-09,142475000.0
2021-01,2023-09,142969000.0
2021-02,2023-09,143544000.0
2021-03,2023-09,144328000.0
2021-04,2023-09,144614000.0
2021-05,2023-09,145096000.0
2021-06,2023-09,145789000.0
2021-07,2023-09,146558000.0
2021-08,2023-09,147221000.0
2021-09,2023-09,147778000.0
2021-10,2023-09,148559000.0
2021-11,2023-09,149173000.0
2021-12,2023-09,149742000.0
2022-01,2023-09,150106000.0
2022-02,2023-09,151010000.0
2022-03,2023-09,151424000.0
2022-04,2023-09,151678000.0
2022-05,2023-09,152042000.0
2022-06,2023-09,152412000.0
2022-07,2023-09,152980000.0
2022-08,2023-09,153332000.0
2022-09,2023-09,153682000.0
2022-10,2023-09,154006000.0
2022-11,2023-09,154296000.0
2022-12,2023-09,154535000.0
2023-01,2023-09,155007000.0
2023-02,2023-09,155255000.0
2023-03,2023-09,155472000.0
2023-04,2023-09,155689000.0
2023-05,2023-09,155970000.0
2023-06,2023-09,156075000.0
2023-07,2023-09,156232000.0
2023-08,2023-09,156419000.0
2020-01,2023-10,152098000.0
2020-02,2023-10,152371000.0
2020-03,2023-10,150944000.0
2020-04,2023-10,130430000.0
2020-05,2023-10,133055000.0
2020-06,2023-10,137620000.0
2020-07,2023-10,139064000.0
2020-08,2023-10,140799000.0
2020-09,2023-10,141760000.0
2020-10,2023-10,142479000.0
2020-11,2023-10,142743000.0
2020-12,2023-10,142475000.0
2021-01,2023-10,142969000.0
2021-02,2023-10,143544000.0
2021-03,2023-10,144328000.0
2021-04,2023-10,144614000.0
2021-05,2023-10,145096000.0
2021-06,2023-10,145789000.0
2021-07,2023-10,146558000.0
2021-08,2023-10,147221000.0
2021-09,2023-10,147778000.0
2021-10,2023-10,148559000.0
2021-11,2023-10,149173000.0
2021-12,2023-10,149742000.0
2022-01,2023-10,150106000.0
2022-02,2023-10,151010000.0
2022-03,2023-10,151424000.0
2022-04,2023-10,151678000.0
2022-05,2023-10,152042000.0
2022-06,2023-10,152412000.0
2022-07,2023-10,152980000.0
2022-08,2023-10,153332000.0
2022-09,2023-10,153682000.0
2022-10,2023-10,154006000.0
2022-11,2023-10,154296000.0
2022-12,2023-10,154535000.0
2023-01,2023-10,155007000.0
2023-02,2023-10,155255000.0
2023-03,2023-10,155472000.0
2023-04,2023-10,155689000.0
2023-05,2023-10,155970000.0
2023-06,2023-10,156075000.0
2023-07,2023-10,156311000.0
2023-08,2023-10,156538000.0
2023-09,2023-10,156874000.0
2020-01,2023-11,152098000.0
2020-02,2023-11,152371000.0
2020-03,2023-11,150944000.0
2020-04,2023-11,130430000.0
2020-05,2023-11,133055000.0
2020-06,2023-11,137620000.0
2020-07,2023-11,139064000.0
2020-08,2023-11,140799000.0
2020-09,2023-11,141760000.0
2020-10,2023-11,142479000.0
2020-11,2023-11,142743000.0
2020-12,2023-11,142475000.0
2021-01,2023-11,142969000.0
2021-02,2023-11,143544000.0
2021-03,2023-11,144328000.0
2021-04,2023-11,144614000.0
2021-05,2023-11,145096000.0
2021-06,2023-11,145789000.0
2021-07,2023-11,146558000.0
2021-08,2023-11,147221000.0
2021-09,2023-11,147778000.0
2021-10,2023-11,148559000.0
2021-11,2023-11,149173000.0
2021-12,2023-11,149742000.0
2022-01,2023-11,150106000.0
2022-02,2023-11,151010000.0
2022-03,2023-11,151424000.0
2022-04,2023-11,151678000.0
2022-05,2023-11,152042000.0
2022-06,2023-11,152412000.0
2022-07,2023-11,152980000.0
2022-08,2023-11,153332000.0
2022-09,2023-11,153682000.0
2022-10,2023-11,154006000.0
2022-11,2023-11,154296000.0
2022-12,2023-11,154535000.0
2023-01,2023-11,155007000.0
2023-02,2023-11,155255000.0
2023-03,2023-11,155472000.0
2023-04,2023-11,155689000.0
2023-05,2023-11,155970000.0
2023-06,2023-11,156075000.0
2023-07,2023-11,156311000.0
2023-08,2023-11,156476000.0
2023-09,2023-11,156773000.0
2023-10,2023-11,156923000.0
2020-01,2023-12,152098000.0
2020-02,2023-12,152371000.0
2020-03,2023-12,150944000.0
2020-04,2023-12,130430000.0
2020-05,2023-12,133055000.0
2020-06,2023-12,137620000.0
2020-07,2023-12,139064000.0
2020-08,2023-12,140799000.0
2020-09,2023-12,141760000.0
2020-10,2023-12,142479000.0
2020-11,2023-12,142743000.0
2020-12,2023-12,142475000.0
2021-01,2023-12,142969000.0
2021-02,2023-12,143544000.0
2021-03,2023-12,144328000.0
2021-04,2023-12,144614000.0
2021-05,2023-12,145096000.0
2021-06,2023-12,145789000.0
2021-07,2023-12,146558000.0
2021-08,2023-12,147221000.0
2021-09,2023-12,147778000.0
2021-10,2023-12,148559000.0
2021-11,2023-12,149173000.0
2021-12,2023-12,149742000.0
2022-01,2023-12,150106000.0
2022-02,2023-12,151010000.0
2022-03,2023-12,151424000.0
2022-04,2023-12,151678000.0
2022-05,2023-12,152042000.0
2022-06,2023-12,152412000.0
2022-07,2023-12,152980000.0
2022-08,2023-12,153332000.0
2022-09,2023-12,153682000.0
2022-10,2023-12,154006000.0
2022-11,2023-12,154296000.0
2022-12,2023-12,154535000.0
2023-01,2023-12,155007000.0
2023-02,2023-12,155255000.0
2023-03,2023-12,155472000.0
2023-04,2023-12,155689000.0
2023-05,2023-12,155970000.0
2023-06,2023-12,156075000.0
2023-07,2023-12,156311000.0
2023-08,2023-12,156476000.0
2023-09,2023-12,156738000.0
2023-10,2023-12,156888000.0
2023-11,2023-12,157087000.0
2020-01,2024-01,152098000.0
2020-02,2024-01,152371000.0
2020-03,2024-01,150944000.0
2020-04,2024-01,130430000.0
2020-05,2024-01,133055000.0
2020-06,2024-01,137620000.0
2020-07,2024-01,139064000.0
2020-08,2024-01,140799000.0
2020-09,2024-01,141760000.0
2020-10,2024-01,142479000.0
2020-11,2024-01,142743000.0
2020-12,2024-01,142475000.0
2021-01,2024-01,142969000.0
2021-02,2024-01,143544000.0
2021-03,2024-01,144328000.0
2021-04,2024-01,144614000.0
2021-05,2024-01,145096000.0
2021-06,2024-01,145789000.0
2021-07,2024-01,146558000.0
2021-08,2024-01,147221000.0
2021-09,2024-01,147778000.0
2021-10,2024-01,148559000.0
2021-11,2024-01,149173000.0
2021-12,2024-01,149742000.0
2022-01,2024-01,150106000.0
2022-02,2024-01,151010000.0
2022-03,2024-01,151424000.0
2022-04,2024-01,151678000.0
2022-05,2024-01,152042000.0
2022-06,2024-01,152412000.0
2022-07,2024-01,152980000.0
2022-08,2024-01,153332000.0
2022-09,2024-01,153682000.0
2022-10,2024-01,154006000.0
2022-11,2024-01,154296000.0
2022-12,2024-01,154535000.0
2023-01,2024-01,155007000.0
2023-02,2024-01,155255000.0
2023-03,2024-01,155472000.0
2023-04,2024-01,155689000.0
2023-05,2024-01,155970000.0
2023-06,2024-01,156075000.0
2023-07,2024-01,156311000.0
2023-08,2024-01,156476000.0
2023-09,2024-01,156738000.0
2023-10,2024-01,156843000.0
2023-11,2024-01,157016000.0
2023-12,2024-01,157232000.0
2020-01,2024-02,152045000.0
2020-02,2024-02,152309000.0
2020-03,2024-02,150898000.0
2020-04,2024-02,130421000.0
2020-05,2024-02,133040000.0
2020-06,2024-02,137655000.0
2020-07,2024-02,139240000.0
2020-08,2024-02,140774000.0
2020-09,2024-02,141820000.0
2020-10,2024-02,142493000.0
2020-11,2024-02,142761000.0
2020-12,2024-02,142518000.0
2021-01,2024-02,142916000.0
2021-02,2024-02,143443000.0
2021-03,2024-02,144274000.0
2021-04,2024-02,144593000.0
2021-05,2024-02,145044000.0
2021-06,2024-02,145822000.0
2021-07,2024-02,146761000.0
2021-08,2024-02,147226000.0
2021-09,2024-02,147706000.0
2021-10,2024-02,148566000.0
2021-11,2024-02,149197000.0
2021-12,2024-02,149763000.0
2022-01,2024-02,150014000.0
2022-02,2024-02,150876000.0
2022-03,2024-02,151370000.0
2022-04,2024-02,151642000.0
2022-05,2024-02,151928000.0
2022-06,2024-02,152348000.0
2022-07,2024-02,153038000.0
2022-08,2024-02,153281000.0
2022-09,2024-02,153536000.0
2022-10,2024-02,153897000.0
2022-11,2024-02,154155000.0
2022-12,2024-02,154291000.0
2023-01,2024-02,154773000.0
2023-02,2024-02,155060000.0
2023-03,2024-02,155206000.0
2023-04,2024-02,155484000.0
2023-05,2024-02,155787000.0
2023-06,2024-02,156027000.0
2023-07,2024-02,156211000.0
2023-08,2024-02,156421000.0
2023-09,2024-02,156667000.0
2023-10,2024-02,156832000.0
2023-11,2024-02,157014000.0
2023-12,2024-02,157347000.0
2024-01,2024-02,157700000.0
2020-01,2024-03,152045000.0
2020-02,2024-03,152309000.0
2020-03,2024-03,150898000.0
2020-04,2024-03,130421000.0
2020-05,2024-03,133040000.0
2020-06,2024-03,137655000.0
2020-07,2024-03,139240000.0
2020-08,2024-03,140774000.0
2020-09,2024-03,141820000.0
2020-10,2024-03,142493000.0
2020-11,2024-03,142761000.0
2020-12,2024-03,142518000.0
2021-01,2024-03,142916000.0
2021-02,2024-03,143443000.0
2021-03,2024-03,144274000.0
2021-04,2024-03,144593000.0
2021-05,2024-03,145044000.0
2021-06,2024-03,145822000.0
2021-07,2024-03,146761000.0
2021-08,2024-03,147226000.0
2021-09,2024-03,147706000.0
2021-10,2024-03,148566000.0
2021-11,2024-03,149197000.0
2021-12,2024-03,149763000.0
2022-01,2024-03,150014000.0
2022-02,2024-03,150876000.0
2022-03,2024-03,151370000.0
2022-04,2024-03,151642000.0
2022-05,2024-03,151928000.0
2022-06,2024-03,152348000.0
2022-07,2024-03,153038000.0
2022-08,2024-03,153281000.0
2022-09,2024-03,153536000.0
2022-10,2024-03,153897000.0
2022-11,2024-03,154155000.0
2022-12,2024-03,154291000.0
2023-01,2024-03,154773000.0
2023-02,2024-03,155060000.0
2023-03,2024-03,155206000.0
2023-04,2024-03,155484000.0
2023-05,2024-03,155787000.0
2023-06,2024-03,156027000.0
2023-07,2024-03,156211000.0
2023-08,2024-03,156421000.0
2023-09,2024-03,156667000.0
2023-10,2024-03,156832000.0
2023-11,2024-03,157014000.0
2023-12,2024-03,157304000.0
2024-01,2024-03,157533000.0
2024-02,2024-03,157808000.0
2020-01,2024-04,152045000.0
2020-02,2024-04,152309000.0
2020-03,2024-04,150898000.0
2020-04,2024-04,130421000.0
2020-05,2024-04,133040000.0
2020-06,2024-04,137655000.0
2020-07,2024-04,139240000.0
2020-08,2024-04,140774000.0
2020-09,2024-04,141820000.0
2020-10,2024-04,142493000.0
2020-11,2024-04,142761000.0
2020-12,2024-04,142518000.0
2021-01,2024-04,142916000.0
2021-02,2024-04,143443000.0
2021-03,2024-04,144274000.0
2021-04,2024-04,144593000.0
2021-05,2024-04,145044000.0
2021-06,2024-04,145822000.0
2021-07,2024-04,146761000.0
2021-08,2024-04,147226000.0
2021-09,2024-04,147706000.0
2021-10,2024-04,148566000.0
2021-11,2024-04,149197000.0
2021-12,2024-04,149763000.0
2022-01,2024-04,150014000.0
2022-02,2024-04,150876000.0
2022-03,2024-04,151370000.0
2022-04,2024-04,151642000.0
2022-05,2024-04,151928000.0
2022-06,2024-04,152348000.0
2022-07,2024-04,153038000.0
2022-08,2024-04,153281000.0
2022-09,2024-04,153536000.0
2022-10,2024-04,153897000.0
2022-11,2024-04,154155000.0
2022-12,2024-04,154291000.0
2023-01,2024-04,154773000.0
2023-02,2024-04,155060000.0
2023-03,2024-04,155206000.0
2023-04,2024-04,155484000.0
2023-05,2024-04,155787000.0
2023-06,2024-04,156027000.0
2023-07,2024-04,156211000.0
2023-08,2024-04,156421000.0
2023-09,2024-04,156667000.0
2023-10,2024-04,156832000.0
2023-11,2024-04,157014000.0
2023-12,2024-04,157304000.0
2024-01,2024-04,157560000.0
2024-02,2024-04,157830000.0
2024-03,2024-04,158133000.0
2020-01,2024-05,152045000.0
2020-02,2024-05,152309000.0
2020-03,2024-05,150898000.0
2020-04,2024-05,130421000.0
2020-05,2024-05,133040000.0
2020-06,2024-05,137655000.0
2020-07,2024-05,139240000.0
2020-08,2024-05,140774000.0
2020-09,2024-05,141820000.0
2020-10,2024-05,142493000.0
2020-11,2024-05,142761000.0
2020-12,2024-05,142518000.0
2021-01,2024-05,142916000.0
2021-02,2024-05,143443000.0
2021-03,2024-05,144274000.0
2021-04,2024-05,144593000.0
2021-05,2024-05,145044000.0
2021-06,2024-05,145822000.0
2021-07,2024-05,146761000.0
2021-08,2024-05,147226000.0
2021-09,2024-05,147706000.0
2021-10,2024-05,148566000.0
2021-11,2024-05,149197000.0
2021-12,2024-05,149763000.0
2022-01,2024-05,150014000.0
2022-02,2024-05,150876000.0
2022-03,2024-05,151370000.0
2022-04,2024-05,151642000.0
2022-05,2024-05,151928000.0
2022-06,2024-05,152348000.0
2022-07,2024-05,153038000.0
2022-08,2024-05,153281000.0
2022-09,2024-05,153536000.0
2022-10,2024-05,153897000.0
2022-11,2024-05,154155000.0
2022-12,2024-05,154291000.0
2023-01,2024-05,154773000.0
2023-02,2024-05,155060000.0
2023-03,2024-05,155206000.0
2023-04,2024-05,155484000.0
2023-05,2024-05,155787000.0
2023-06,2024-05,156027000.0
2023-07,2024-05,156211000.0
2023-08,2024-05,156421000.0
2023-09,2024-05,156667000.0
2023-10,2024-05,156832000.0
2023-11,2024-05,157014000.0
2023-12,2024-05,157304000.0
2024-01,2024-05,157560000.0
2024-02,2024-05,157796000.0
2024-03,2024-05,158111000.0
2024-04,2024-05,158286000.0
2020-01,2024-06,152045000.0
2020-02,2024-06,152309000.0
2020-03,2024-06,150898000.0
2020-04,2024-06,130421000.0
2020-05,2024-06,133040000.0
2020-06,2024-06,137655000.0
2020-07,2024-06,139240000.0
2020-08,2024-06,140774000.0
2020-09,2024-06,141820000.0
2020-10,2024-06,142493000.0
2020-11,2024-06,142761000.0
2020-12,2024-06,142518000.0
2021-01,2024-06,142916000.0
2021-02,2024-06,143443000.0
2021-03,2024-06,144274000.0
2021-04,2024-06,144593000.0
2021-05,2024-06,145044000.0
2021-06,2024-06,145822000.0
2021-07,2024-06,146761000.0
2021-08,2024-06,147226000.0
2021-09,2024-06,147706000.0
2021-10,2024-06,148566000.0
2021-11,2024-06,149197000.0
2021-12,2024-06,149763000.0
2022-01,2024-06,150014000.0
2022-02,2024-06,150876000.0
2022-03,2024-06,151370000.0
2022-04,2024-06,151642000.0
2022-05,2024-06,151928000.0
2022-06,2024-06,152348000.0
2022-07,2024-06,153038000.0
2022-08,2024-06,153281000.0
2022-09,2024-06,153536000.0
2022-10,2024-06,153897000.0
2022-11,2024-06,154155000.0
2022-12,2024-06,154291000.0
2023-01,2024-06,154773000.0
2023-02,2024-06,155060000.0
2023-03,2024-06,155206000.0
2023-04,2024-06,155484000.0
2023-05,2024-06,155787000.0
2023-06,2024-06,156027000.0
2023-07,2024-06,156211000.0
2023-08,2024-06,156421000.0
2023-09,2024-06,156667000.0
2023-10,2024-06,156832000.0
2023-11,2024-06,157014000.0
2023-12,2024-06,157304000.0
2024-01,2024-06,157560000.0
2024-02,2024-06,157796000.0
2024-03,2024-06,158106000.0
2024-04,2024-06,158271000.0
2024-05,2024-06,158543000.0
2020-01,2024-07,152045000.0
2020-02,2024-07,152309000.0
2020-03,2024-07,150898000.0
2020-04,2024-07,130421000.0
2020-05,2024-07,133040000.0
2020-06,2024-07,137655000.0
2020-07,2024-07,139240000.0
2020-08,2024-07,140774000.0
2020-09,2024-07,141820000.0
2020-10,2024-07,142493000.0
2020-11,2024-07,142761000.0
2020-12,2024-07,142518000.0
2021-01,2024-07,142916000.0
2021-02,2024-07,143443000.0
2021-03,2024-07,144274000.0
2021-04,2024-07,144593000.0
2021-05,2024-07,145044000.0
2021-06,2024-07,145822000.0
2021-07,2024-07,146761000.0
2021-08,2024-07,147226000.0
2021-09,2024-07,147706000.0
2021-10,2024-07,148566000.0
2021-11,2024-07,149197000.0
2021-12,2024-07,149763000.0
2022-01,2024-07,150014000.0
2022-02,2024-07,150876000.0
2022-03,2024-07,151370000.0
2022-04,2024-07,151642000.0
2022-05,2024-07,151928000.0
2022-06,2024-07,152348000.0
2022-07,2024-07,153038000.0
2022-08,2024-07,153281000.0
2022-09,2024-07,153536000.0
2022-10,2024-07,153897000.0
2022-11,2024-07,154155000.0
2022-12,2024-07,154291000.0
2023-01,2024-07,154773000.0
2023-02,2024-07,155060000.0
2023-03,2024-07,155206000.0
2023-04,2024-07,155484000.0
2023-05,2024-07,155787000.0
2023-06,2024-07,156027000.0
2023-07,2024-07,156211000.0
2023-08,2024-07,156421000.0
2023-09,2024-07,156667000.0
2023-10,2024-07,156832000.0
2023-11,2024-07,157014000.0
2023-12,2024-07,157304000.0
2024-01,2024-07,157560000.0
2024-02,2024-07,157796000.0
2024-03,2024-07,158106000.0
2024-04,2024-07,158214000.0
2024-05,2024-07,158432000.0
2024-06,2024-07,158638000.0
2020-01,2024-08,152045000.0
2020-02,2024-08,152309000.0
2020-03,2024-08,150898000.0
2020-04,2024-08,130421000.0
2020-05,2024-08,133040000.0
2020-06,2024-08,137655000.0
2020-07,2024-08,139240000.0
2020-08,2024-08,140774000.0
2020-09,2024-08,141820000.0
2020-10,2024-08,142493000.0
2020-11,2024-08,142761000.0
2020-12,2024-08,142518000.0
2021-01,2024-08,142916000.0
2021-02,2024-08,143443000.0
2021-03,2024-08,144274000.0
2021-04,2024-08,144593000.0
2021-05,2024-08,145044000.0
2021-06,2024-08,145822000.0
2021-07,2024-08,146761000.0
2021-08,2024-08,147226000.0
2021-09,2024-08,147706000.0
2021-10,2024-08,148566000.0
2021-11,2024-08,149197000.0
2021-12,2024-08,149763000.0
2022-01,2024-08,150014000.0
2022-02,2024-08,150876000.0
2022-03,2024-08,151370000.0
2022-04,2024-08,151642000.0
2022-05,2024-08,151928000.0
2022-06,2024-08,152348000.0
2022-07,2024-08,153038000.0
2022-08,2024-08,153281000.0
2022-09,2024-08,153536000.0
2022-10,2024-08,153897000.0
2022-11,2024-08,154155000.0
2022-12,2024-08,154291000.0
2023-01,2024-08,154773000.0
2023-02,2024-08,155060000.0
2023-03,2024-08,155206000.0
2023-04,2024-08,155484000.0
2023-05,2024-08,155787000.0
2023-06,2024-08,156027000.0
2023-07,2024-08,156211000.0
2023-08,2024-08,156421000.0
2023-09,2024-08,156667000.0
2023-10,2024-08,156832000.0
2023-11,2024-08,157014000.0
2023-12,2024-08,157304000.0
2024-01,2024-08,157560000.0
2024-02,2024-08,157796000.0
2024-03,2024-08,158106000.0
2024-04,2024-08,158214000.0
2024-05,2024-08,158430000.0
2024-06,2024-08,158609000.0
2024-07,2024-08,158723000.0
2020-01,2024-09,152045000.0
2020-02,2024-09,152309000.0
2020-03,2024-09,150898000.0
2020-04,2024-09,130421000.0
2020-05,2024-09,133040000.0
2020-06,2024-09,137655000.0
2020-07,2024-09,139240000.0
2020-08,2024-09,140774000.0
2020-09,2024-09,141820000.0
2020-10,2024-09,142493000.0
2020-11,2024-09,142761000.0
2020-12,2024-09,142518000.0
2021-01,2024-09,142916000.0
2021-02,2024-09,143443000.0
2021-03,2024-09,144274000.0
2021-04,2024-09,144593000.0
2021-05,2024-09,145044000.0
2021-06,2024-09,145822000.0
2021-07,2024-09,146761000.0
2021-08,2024-09,147226000.0
2021-09,2024-09,147706000.0
2021-10,2024-09,148566000.0
2021-11,2024-09,149197000.0
2021-12,2024-09,149763000.0
2022-01,2024-09,150014000.0
2022-02,2024-09,150876000.0
2022-03,2024-09,151370000.0
2022-04,2024-09,151642000.0
2022-05,2024-09,151928000.0
2022-06,2024-09,152348000.0
2022-07,2024-09,153038000.0
2022-08,2024-09,153281000.0
2022-09,2024-09,153536000.0
2022-10,2024-09,153897000.0
2022-11,2024-09,154155000.0
2022-12,2024-09,154291000.0
2023-01,2024-09,154773000.0
2023-02,2024-09,155060000.0
2023-03,2024-09,155206000.0
2023-04,2024-09,155484000.0
2023-05,2024-09,155787000.0
2023-06,2024-09,156027000.0
2023-07,2024-09,156211000.0
2023-08,2024-09,156421000.0
2023-09,2024-09,156667000.0
2023-10,2024-09,156832000.0
2023-11,2024-09,157014000.0
2023-12,2024-09,157304000.0
2024-01,2024-09,157560000.0
2024-02,2024-09,157796000.0
2024-03,2024-09,158106000.0
2024-04,2024-09,158214000.0
2024-05,2024-09,158430000.0
2024-06,2024-09,158548000.0
2024-07,2024-09,158637000.0
2024-08,2024-09,158779000.0
2020-01,2024-10,152045000.0
2020-02,2024-10,152309000.0
2020-03,2024-10,150898000.0
2020-04,2024-10,130421000.0
2020-05,2024-10,133040000.0
2020-06,2024-10,137655000.0
2020-07,2024-10,139240000.0
2020-08,2024-10,140774000.0
2020-09,2024-10,141820000.0
2020-10,2024-10,142493000.0
2020-11,2024-10,142761000.0
2020-12,2024-10,142518000.0
2021-01,2024-10,142916000.0
2021-02,2024-10,143443000.0
2021-03,2024-10,144274000.0
2021-04,2024-10,144593000.0
2021-05,2024-10,145044000.0
2021-06,2024-10,145822000.0
2021-07,2024-10,146761000.0
2021-08,2024-10,147226000.0
2021-09,2024-10,147706000.0
2021-10,2024-10,148566000.0
2021-11,2024-10,149197000.0
2021-12,2024-10,149763000.0
2022-01,2024-10,150014000.0
2022-02,2024-10,150876000.0
2022-03,2024-10,151370000.0
2022-04,2024-10,151642000.0
2022-05,2024-10,151928000.0
2022-06,2024-10,152348000.0
2022-07,2024-10,153038000.0
2022-08,2024-10,153281000.0
2022-09,2024-10,153536000.0
2022-10,2024-10,153897000.0
2022-11,2024-10,154155000.0
2022-12,2024-10,154291000.0
2023-01,2024-10,154773000.0
2023-02,2024-10,155060000.0
2023-03,2024-10,155206000.0
2023-04,2024-10,155484000.0
2023-05,2024-10,155787000.0
2023-06,2024-10,156027000.0
2023-07,2024-10,156211000.0
2023-08,2024-10,156421000.0
2023-09,2024-10,156667000.0
2023-10,2024-10,156832000.0
2023-11,2024-10,157014000.0
2023-12,2024-10,157304000.0
2024-01,2024-10,157560000.0
2024-02,2024-10,157796000.0
2024-03,2024-10,158106000.0
2024-04,2024-10,158214000.0
2024-05,2024-10,158430000.0
2024-06,2024-10,158548000.0
2024-07,2024-10,158692000.0
2024-08,2024-10,158851000.0
2024-09,2024-10,159105000.0
2020-01,2024-11,152045000.0
2020-02,2024-11,152309000.0
2020-03,2024-11,150898000.0
2020-04,2024-11,130421000.0
2020-05,2024-11,133040000.0
2020-06,2024-11,137655000.0
2020-07,2024-11,139240000.0
2020-08,2024-11,140774000.0
2020-09,2024-11,141820000.0
2020-10,2024-11,142493000.0
2020-11,2024-11,142761000.0
2020-12,2024-11,142518000.0
2021-01,2024-11,142916000.0
2021-02,2024-11,143443000.0
2021-03,2024-11,144274000.0
2021-04,2024-11,144593000.0
2021-05,2024-11,145044000.0
2021-06,2024-11,145822000.0
2021-07,2024-11,146761000.0
2021-08,2024-11,147226000.0
2021-09,2024-11,147706000.0
2021-10,2024-11,148566000.0
2021-11,2024-11,149197000.0
2021-12,2024-11,149763000.0
2022-01,2024-11,150014000.0
2022-02,2024-11,150876000.0
2022-03,2024-11,151370000.0
2022-04,2024-11,151642000.0
2022-05,2024-11,151928000.0
2022-06,2024-11,152348000.0
2022-07,2024-11,153038000.0
2022-08,2024-11,153281000.0
2022-09,2024-11,153536000.0
2022-10,2024-11,153897000.0
2022-11,2024-11,154155000.0
2022-12,2024-11,154291000.0
2023-01,2024-11,154773000.0
2023-02,2024-11,155060000.0
2023-03,2024-11,155206000.0
2023-04,2024-11,155484000.0
2023-05,2024-11,155787000.0
2023-06,2024-11,156027000.0
2023-07,2024-11,156211000.0
2023-08,2024-11,156421000.0
2023-09,2024-11,156667000.0
2023-10,2024-11,156832000.0
2023-11,2024-11,157014000.0
2023-12,2024-11,157304000.0
2024-01,2024-11,157560000.0
2024-02,2024-11,157796000.0
2024-03,2024-11,158106000.0
2024-04,2024-11,158214000.0
2024-05,2024-11,158430000.0
2024-06,2024-11,158548000.0
2024-07,2024-11,158692000.0
2024-08,2024-11,158770000.0
2024-09,2024-11,158993000.0
2024-10,2024-11,159005000.0
2020-01,2024-12,152045000.0
2020-02,2024-12,152309000.0
2020-03,2024-12,150898000.0
2020-04,2024-12,130421000.0
2020-05,2024-12,133040000.0
2020-06,2024-12,137655000.0
2020-07,2024-12,139240000.0
2020-08,2024-12,140774000.0
2020-09,2024-12,141820000.0
2020-10,2024-12,142493000.0
2020-11,2024-12,142761000.0
2020-12,2024-12,142518000.0
2021-01,2024-12,142916000.0
2021-02,2024-12,143443000.0
2021-03,2024-12,144274000.0
2021-04,2024-12,144593000.0
2021-05,2024-12,145044000.0
2021-06,2024-12,145822000.0
2021-07,2024-12,146761000.0
2021-08,2024-12,147226000.0
2021-09,2024-12,147706000.0
2021-10,2024-12,148566000.0
2021-11,2024-12,149197000.0
2021-12,2024-12,149763000.0
2022-01,2024-12,150014000.0
2022-02,2024-12,150876000.0
2022-03,2024-12,151370000.0
2022-04,2024-12,151642000.0
2022-05,2024-12,151928000.0
2022-06,2024-12,152348000.0
2022-07,2024-12,153038000.0
2022-08,2024-12,153281000.0
2022-09,2024-12,153536000.0
2022-10,2024-12,153897000.0
2022-11,2024-12,154155000.0
2022-12,2024-12,154291000.0
2023-01,2024-12,154773000.0
2023-02,2024-12,155060000.0
2023-03,2024-12,155206000.0
2023-04,2024-12,155484000.0
2023-05,2024-12,155787000.0
2023-06,2024-12,156027000.0
2023-07,2024-12,156211000.0
2023-08,2024-12,156421000.0
2023-09,2024-12,156667000.0
2023-10,2024-12,156832000.0
2023-11,2024-12,157014000.0
2023-12,2024-12,157304000.0
2024-01,2024-12,157560000.0
2024-02,2024-12,157796000.0
2024-03,2024-12,158106000.0
2024-04,2024-12,158214000.0
2024-05,2024-12,158430000.0
2024-06,2024-12,158548000.0
2024-07,2024-12,158692000.0
2024-08,2024-12,158770000.0
2024-09,2024-12,159025000.0
2024-10,2024-12,159061000.0
2024-11,2024-12,159288000.0
2020-01,2025-01,152045000.0
2020-02,2025-01,152309000.0
2020-03,2025-01,150898000.0
2020-04,2025-01,130421000.0
2020-05,2025-01,133040000.0
2020-06,2025-01,137655000.0
2020-07,2025-01,139240000.0
2020-08,2025-01,140774000.0
2020-09,2025-01,141820000.0
2020-10,2025-01,142493000.0
2020-11,2025-01,142761000.0
2020-12,2025-01,142518000.0
2021-01,2025-01,142916000.0
2021-02,2025-01,143443000.0
2021-03,2025-01,144274000.0
2021-04,2025-01,144593000.0
2021-05,2025-01,145044000.0
2021-06,2025-01,145822000.0
2021-07,2025-01,146761000.0
2021-08,2025-01,147226000.0
2021-09,2025-01,147706000.0
2021-10,2025-01,148566000.0
2021-11,2025-01,149197000.0
2021-12,2025-01,149763000.0
2022-01,2025-01,150014000.0
2022-02,2025-01,150876000.0
2022-03,2025-01,151370000.0
2022-04,2025-01,151642000.0
2022-05,2025-01,151928000.0
2022-06,2025-01,152348000.0
2022-07,2025-01,153038000.0
2022-08,2025-01,153281000.0
2022-09,2025-01,153536000.0
2022-10,2025-01,153897000.0
2022-11,2025-01,154155000.0
2022-12,2025-01,154291000.0
2023-01,2025-01,154773000.0
2023-02,2025-01,155060000.0
2023-03,2025-01,155206000.0
2023-04,2025-01,155484000.0
2023-05,2025-01,155787000.0
2023-06,2025-01,156027000.0
2023-07,2025-01,156211000.0
2023-08,2025-01,156421000.0
2023-09,2025-01,156667000.0
2023-10,2025-01,156832000.0
2023-11,2025-01,157014000.0
2023-12,2025-01,157304000.0
2024-01,2025-01,157560000.0
2024-02,2025-01,157796000.0
2024-03,2025-01,158106000.0
2024-04,2025-01,158214000.0
2024-05,2025-01,158430000.0
2024-06,2025-01,158548000.0
2024-07,2025-01,158692000.0
2024-08,2025-01,158770000.0
2024-09,2025-01,159025000.0
2024-10,2025-01,159068000.0
2024-11,2025-01,159280000.0
2024-12,2025-01,159536000.0
2020-01,2025-02,152031000.0
2020-02,2025-02,152292000.0
2020-03,2025-02,150895000.0
2020-04,2025-02,130424000.0
2020-05,2025-02,133040000.0
2020-06,2025-02,137671000.0
2020-07,2025-02,139255000.0
2020-08,2025-02,140819000.0
2020-09,2025-02,141770000.0
2020-10,2025-02,142461000.0
2020-11,2025-02,142731000.0
2020-12,2025-02,142548000.0
2021-01,2025-02,142913000.0
2021-02,2025-02,143422000.0
2021-03,2025-02,144246000.0
2021-04,2025-02,144611000.0
2021-05,2025-02,145032000.0
2021-06,2025-02,145828000.0
2021-07,2025-02,146759000.0
2021-08,2025-02,147246000.0
2021-09,2025-02,147712000.0
2021-10,2025-02,148569000.0
2021-11,2025-02,149206000.0
2021-12,2025-02,149781000.0
2022-01,2025-02,150006000.0
2022-02,2025-02,150875000.0
2022-03,2025-02,151346000.0
2022-04,2025-02,151651000.0
2022-05,2025-02,151892000.0
2022-06,2025-02,152353000.0
2022-07,2025-02,153049000.0
2022-08,2025-02,153286000.0
2022-09,2025-02,153513000.0
2022-10,2025-02,153913000.0
2022-11,2025-02,154210000.0
2022-12,2025-02,154336000.0
2023-01,2025-02,154780000.0
2023-02,2025-02,155086000.0
2023-03,2025-02,155171000.0
2023-04,2025-02,155387000.0
2023-05,2025-02,155614000.0
2023-06,2025-02,155871000.0
2023-07,2025-02,156019000.0
2023-08,2025-02,156176000.0
2023-09,2025-02,156334000.0
2023-10,2025-02,156520000.0
2023-11,2025-02,156661000.0
2023-12,2025-02,156930000.0
2024-01,2025-02,157049000.0
2024-02,2025-02,157271000.0
2024-03,2025-02,157517000.0
2024-04,2025-02,157635000.0
2024-05,2025-02,157828000.0
2024-06,2025-02,157915000.0
2024-07,2025-02,158003000.0
2024-08,2025-02,158074000.0
2024-09,2025-02,158314000.0
2024-10,2025-02,158358000.0
2024-11,2025-02,158619000.0
2024-12,2025-02,158926000.0
2025-01,2025-02,159069000.0
2020-01,2025-03,152031000.0
2020-02,2025-03,152292000.0
2020-03,2025-03,150895000.0
2020-04,2025-03,130424000.0
2020-05,2025-03,133040000.0
2020-06,2025-03,137671000.0
2020-07,2025-03,139255000.0
2020-08,2025-03,140819000.0
2020-09,2025-03,141770000.0
2020-10,2025-03,142461000.0
2020-11,2025-03,142731000.0
2020-12,2025-03,142548000.0
2021-01,2025-03,142913000.0
2021-02,2025-03,143422000.0
2021-03,2025-03,144246000.0
2021-04,2025-03,144611000.0
2021-05,2025-03,145032000.0
2021-06,2025-03,145828000.0
2021-07,2025-03,146759000.0
2021-08,2025-03,147246000.0
2021-09,2025-03,147712000.0
2021-10,2025-03,148569000.0
2021-11,2025-03,149206000.0
2021-12,2025-03,149781000.0
2022-01,2025-03,150006000.0
2022-02,2025-03,150875000.0
2022-03,2025-03,151346000.0
2022-04,2025-03,151651000.0
2022-05,2025-03,151892000.0
2022-06,2025-03,152353000.0
2022-07,2025-03,153049000.0
2022-08,2025-03,153286000.0
2022-09,2025-03,153513000.0
2022-10,2025-03,153913000.0
2022-11,2025-03,154210000.0
2022-12,2025-03,154336000.0
2023-01,2025-03,154780000.0
2023-02,2025-03,155086000.0
2023-03,2025-03,155171000.0
2023-04,2025-03,155387000.0
2023-05,2025-03,155614000.0
2023-06,2025-03,155871000.0
2023-07,2025-03,156019000.0
2023-08,2025-03,156176000.0
2023-09,2025-03,156334000.0
2023-10,2025-03,156520000.0
2023-11,2025-03,156661000.0
2023-12,2025-03,156930000.0
2024-01,2025-03,157049000.0
2024-02,2025-03,157271000.0
2024-03,2025-03,157517000.0
2024-04,2025-03,157635000.0
2024-05,2025-03,157828000.0
2024-06,2025-03,157915000.0
2024-07,2025-03,158003000.0
2024-08,2025-03,158074000.0
2024-09,2025-03,158314000.0
2024-10,2025-03,158358000.0
2024-11,2025-03,158619000.0
2024-12,2025-03,158926000.0
2025-01,2025-03,159051000.0
2025-02,2025-03,159202000.0
2020-01,2025-04,152031000.0
2020-02,2025-04,152292000.0
2020-03,2025-04,150895000.0
2020-04,2025-04,130424000.0
2020-05,2025-04,133040000.0
2020-06,2025-04,137671000.0
2020-07,2025-04,139255000.0
2020-08,2025-04,140819000.0
2020-09,2025-04,141770000.0
2020-10,2025-04,142461000.0
2020-11,2025-04,142731000.0
2020-12,2025-04,142548000.0
2021-01,2025-04,142913000.0
2021-02,2025-04,143422000.0
2021-03,2025-04,144246000.0
2021-04,2025-04,144611000.0
2021-05,2025-04,145032000.0
2021-06,2025-04,145828000.0
2021-07,2025-04,146759000.0
2021-08,2025-04,147246000.0
2021-09,2025-04,147712000.0
2021-10,2025-04,148569000.0
2021-11,2025-04,149206000.0
2021-12,2025-04,149781000.0
2022-01,2025-04,150006000.0
2022-02,2025-04,150875000.0
2022-03,2025-04,151346000.0
2022-04,2025-04,151651000.0
2022-05,2025-04,151892000.0
2022-06,2025-04,152353000.0
2022-07,2025-04,153049000.0
2022-08,2025-04,153286000.0
2022-09,2025-04,153513000.0
2022-10,2025-04,153913000.0
2022-11,2025-04,154210000.0
2022-12,2025-04,154336000.0
2023-01,2025-04,154780000.0
2023-02,2025-04,155086000.0
2023-03,2025-04,155171000.0
2023-04,2025-04,155387000.0
2023-05,2025-04,155614000.0
2023-06,2025-04,155871000.0
2023-07,2025-04,156019000.0
2023-08,2025-04,156176000.0
2023-09,2025-04,156334000.0
2023-10,2025-04,156520000.0
2023-11,2025-04,156661000.0
2023-12,2025-04,156930000.0
2024-01,2025-04,157049000.0
2024-02,2025-04,157271000.0
2024-03,2025-04,157517000.0
2024-04,2025-04,157635000.0
2024-05,2025-04,157828000.0
2024-06,2025-04,157915000.0
2024-07,2025-04,158003000.0
2024-08,2025-04,158074000.0
2024-09,2025-04,158314000.0
2024-10,2025-04,158358000.0
2024-11,2025-04,158619000.0
2024-12,2025-04,158926000.0
2025-01,2025-04,159037000.0
2025-02,2025-04,159154000.0
2025-03,2025-04,159382000.0
2020-01,2025-05,152031000.0
2020-02,2025-05,152292000.0
2020-03,2025-05,150895000.0
2020-04,2025-05,130424000.0
2020-05,2025-05,133040000.0
2020-06,2025-05,137671000.0
2020-07,2025-05,139255000.0
2020-08,2025-05,140819000.0
2020-09,2025-05,141770000.0
2020-10,2025-05,142461000.0
2020-11,2025-05,142731000.0
2020-12,2025-05,142548000.0
2021-01,2025-05,142913000.0
2021-02,2025-05,143422000.0
2021-03,2025-05,144246000.0
2021-04,2025-05,144611000.0
2021-05,2025-05,145032000.0
2021-06,2025-05,145828000.0
2021-07,2025-05,146759000.0
2021-08,2025-05,147246000.0
2021-09,2025-05,147712000.0
2021-10,2025-05,148569000.0
2021-11,2025-05,149206000.0
2021-12,2025-05,149781000.0
2022-01,2025-05,150006000.0
2022-02,2025-05,150875000.0
2022-03,2025-05,151346000.0
2022-04,2025-05,151651000.0
2022-05,2025-05,151892000.0
2022-06,2025-05,152353000.0
2022-07,2025-05,153049000.0
2022-08,2025-05,153286000.0
2022-09,2025-05,153513000.0
2022-10,2025-05,153913000.0
2022-11,2025-05,154210000.0
2022-12,2025-05,154336000.0
2023-01,2025-05,154780000.0
2023-02,2025-05,155086000.0
2023-03,2025-05,155171000.0
2023-04,2025-05,155387000.0
2023-05,2025-05,155614000.0
2023-06,2025-05,155871000.0
2023-07,2025-05,156019000.0
2023-08,2025-05,156176000.0
2023-09,2025-05,156334000.0
2023-10,2025-05,156520000.0
2023-11,2025-05,156661000.0
2023-12,2025-05,156930000.0
2024-01,2025-05,157049000.0
2024-02,2025-05,157271000.0
2024-03,2025-05,157517000.0
2024-04,2025-05,157635000.0
2024-05,2025-05,157828000.0
2024-06,2025-05,157915000.0
2024-07,2025-05,158003000.0
2024-08,2025-05,158074000.0
2024-09,2025-05,158314000.0
2024-10,2025-05,158358000.0
2024-11,2025-05,158619000.0
2024-12,2025-05,158926000.0
2025-01,2025-05,159037000.0
2025-02,2025-05,159139000.0
2025-03,2025-05,159324000.0
2025-04,2025-05,159501000.0
2020-01,2025-06,152031000.0
2020-02,2025-06,152292000.0
2020-03,2025-06,150895000.0
2020-04,2025-06,130424000.0
2020-05,2025-06,133040000.0
2020-06,2025-06,137671000.0
2020-07,2025-06,139255000.0
2020-08,2025-06,140819000.0
2020-09,2025-06,141770000.0
2020-10,2025-06,142461000.0
2020-11,2025-06,142731000.0
2020-12,2025-06,142548000.0
2021-01,2025-06,142913000.0
2021-02,2025-06,143422000.0
2021-03,2025-06,144246000.0
2021-04,2025-06,144611000.0
2021-05,2025-06,145032000.0
2021-06,2025-06,145828000.0
2021-07,2025-06,146759000.0
2021-08,2025-06,147246000.0
2021-09,2025-06,147712000.0
2021-10,2025-06,148569000.0
2021-11,2025-06,149206000.0
2021-12,2025-06,149781000.0
2022-01,2025-06,150006000.0
2022-02,2025-06,150875000.0
2022-03,2025-06,151346000.0
2022-04,2025-06,151651000.0
2022-05,2025-06,151892000.0
2022-06,2025-06,152353000.0
2022-07,2025-06,153049000.0
2022-08,2025-06,153286000.0
2022-09,2025-06,153513000.0
2022-10,2025-06,153913000.0
2022-11,2025-06,154210000.0
2022-12,2025-06,154336000.0
2023-01,2025-06,154780000.0
2023-02,2025-06,155086000.0
2023-03,2025-06,155171000.0
2023-04,2025-06,155387000.0
2023-05,2025-06,155614000.0
2023-06,2025-06,155871000.0
2023-07,2025-06,156019000.0
2023-08,2025-06,156176000.0
2023-09,2025-06,156334000.0
2023-10,2025-06,156520000.0
2023-11,2025-06,156661000.0
2023-12,2025-06,156930000.0
2024-01,2025-06,157049000.0
2024-02,2025-06,157271000.0
2024-03,2025-06,157517000.0
2024-04,2025-06,157635000.0
2024-05,2025-06,157828000.0
2024-06,2025-06,157915000.0
2024-07,2025-06,158003000.0
2024-08,2025-06,158074000.0
2024-09,2025-06,158314000.0
2024-10,2025-06,158358000.0
2024-11,2025-06,158619000.0
2024-12,2025-06,158926000.0
2025-01,2025-06,159037000.0
2025-02,2025-06,159139000.0
2025-03,2025-06,159259000.0
2025-04,2025-06,159406000.0
2025-05,2025-06,159545000.0
2020-01,2025-07,152031000.0
2020-02,2025-07,152292000.0
2020-03,2025-07,150895000.0
2020-04,2025-07,130424000.0
2020-05,2025-07,133040000.0
2020-06,2025-07,137671000.0
2020-07,2025-07,139255000.0
2020-08,2025-07,140819000.0
2020-09,2025-07,141770000.0
2020-10,2025-07,142461000.0
2020-11,2025-07,142731000.0
2020-12,2025-07,142548000.0
2021-01,2025-07,142913000.0
2021-02,2025-07,143422000.0
2021-03,2025-07,144246000.0
2021-04,2025-07,144611000.0
2021-05,2025-07,145032000.0
2021-06,2025-07,145828000.0
2021-07,2025-07,146759000.0
2021-08,2025-07,147246000.0
2021-09,2025-07,147712000.0
2021-10,2025-07,148569000.0
2021-11,2025-07,149206000.0
2021-12,2025-07,149781000.0
2022-01,2025-07,150006000.0
2022-02,2025-07,150875000.0
2022-03,2025-07,151346000.0
2022-04,2025-07,151651000.0
2022-05,2025-07,151892000.0
2022-06,2025-07,152353000.0
2022-07,2025-07,153049000.0
2022-08,2025-07,153286000.0
2022-09,2025-07,153513000.0
2022-10,2025-07,153913000.0
2022-11,2025-07,154210000.0
2022-12,2025-07,154336000.0
2023-01,2025-07,154780000.0
2023-02,2025-07,155086000.0
2023-03,2025-07,155171000.0
2023-04,2025-07,155387000.0
2023-05,2025-07,155614000.0
2023-06,2025-07,155871000.0
2023-07,2025-07,156019000.0
2023-08,2025-07,156176000.0
2023-09,2025-07,156334000.0
2023-10,2025-07,156520000.0
2023-11,2025-07,156661000.0
2023-12,2025-07,156930000.0
2024-01,2025-07,157049000.0
2024-02,2025-07,157271000.0
2024-03,2025-07,157517000.0
2024-04,2025-07,157635000.0
2024-05,2025-07,157828000.0
2024-06,2025-07,157915000.0
2024-07,2025-07,158003000.0
2024-08,2025-07,158074000.0
2024-09,2025-07,158314000.0
2024-10,2025-07,158358000.0
2024-11,2025-07,158619000.0
2024-12,2025-07,158926000.0
2025-01,2025-07,159037000.0
2025-02,2025-07,159139000.0
2025-03,2025-07,159259000.0
2025-04,2025-07,159417000.0
2025-05,2025-07,159561000.0
2025-06,2025-07,159708000.0
2020-01,2025-08,152031000.0
2020-02,2025-08,152292000.0
2020-03,2025-08,150895000.0
2020-04,2025-08,130424000.0
2020-05,2025-08,133040000.0
2020-06,2025-08,137671000.0
2020-07,2025-08,139255000.0
2020-08,2025-08,140819000.0
2020-09,2025-08,141770000.0
2020-10,2025-08,142461000.0
2020-11,2025-08,142731000.0
2020-12,2025-08,142548000.0
2021-01,2025-08,142913000.0
2021-02,2025-08,143422000.0
2021-03,2025-08,144246000.0
2021-04,2025-08,144611000.0
2021-05,2025-08,145032000.0
2021-06,2025-08,145828000.0
2021-07,2025-08,146759000.0
2021-08,2025-08,147246000.0
2021-09,2025-08,147712000.0
2021-10,2025-08,148569000.0
2021-11,2025-08,149206000.0
2021-12,2025-08,149781000.0
2022-01,2025-08,150006000.0
2022-02,2025-08,150875000.0
2022-03,2025-08,151346000.0
2022-04,2025-08,151651000.0
2022-05,2025-08,151892000.0
2022-06,2025-08,152353000.0
2022-07,2025-08,153049000.0
2022-08,2025-08,153286000.0
2022-09,2025-08,153513000.0
2022-10,2025-08,153913000.0
2022-11,2025-08,154210000.0
2022-12,2025-08,154336000.0
2023-01,2025-08,154780000.0
2023-02,2025-08,155086000.0
2023-03,2025-08,155171000.0
2023-04,2025-08,155387000.0
2023-05,2025-08,155614000.0
2023-06,2025-08,155871000.0
2023-07,2025-08,156019000.0
2023-08,2025-08,156176000.0
2023-09,2025-08,156334000.0
2023-10,2025-08,156520000.0
2023-11,2025-08,156661000.0
2023-12,2025-08,156930000.0
2024-01,2025-08,157049000.0
2024-02,2025-08,157271000.0
2024-03,2025-08,157517000.0
2024-04,2025-08,157635000.0
2024-05,2025-08,157828000.0
2024-06,2025-08,157915000.0
2024-07,2025-08,158003000.0
2024-08,2025-08,158074000.0
2024-09,2025-08,158314000.0
2024-10,2025-08,158358000.0
2024-11,2025-08,158619000.0
2024-12,2025-08,158926000.0
2025-01,2025-08,159037000.0
2025-02,2025-08,159139000.0
2025-03,2025-08,159259000.0
2025-04,2025-08,159417000.0
2025-05,2025-08,159436000.0
2025-06,2025-08,159450000.0
2025-07,2025-08,159523000.0
2020-01,2025-09,152031000.0
2020-02,2025-09,152292000.0
2020-03,2025-09,150895000.0
2020-04,2025-09,130424000.0
2020-05,2025-09,133040000.0
2020-06,2025-09,137671000.0
2020-07,2025-09,139255000.0
2020-08,2025-09,140819000.0
2020-09,2025-09,141770000.0
2020-10,2025-09,142461000.0
2020-11,2025-09,142731000.0
2020-12,2025-09,142548000.0
2021-01,2025-09,142913000.0
2021-02,2025-09,143422000.0
2021-03,2025-09,144246000.0
2021-04,2025-09,144611000.0
2021-05,2025-09,145032000.0
2021-06,2025-09,145828000.0
2021-07,2025-09,146759000.0
2021-08,2025-09,147246000.0
2021-09,2025-09,147712000.0
2021-10,2025-09,148569000.0
2021-11,2025-09,149206000.0
2021-12,2025-09,149781000.0
2022-01,2025-09,150006000.0
2022-02,2025-09,150875000.0
2022-03,2025-09,151346000.0
2022-04,2025-09,151651000.0
2022-05,2025-09,151892000.0
2022-06,2025-09,152353000.0
2022-07,2025-09,153049000.0
2022-08,2025-09,153286000.0
2022-09,2025-09,153513000.0
2022-10,2025-09,153913000.0
2022-11,2025-09,154210000.0
2022-12,2025-09,154336000.0
2023-01,2025-09,154780000.0
2023-02,2025-09,155086000.0
2023-03,2025-09,155171000.0
2023-04,2025-09,155387000.0
2023-05,2025-09,155614000.0
2023-06,2025-09,155871000.0
2023-07,2025-09,156019000.0
2023-08,2025-09,156176000.0
2023-09,2025-09,156334000.0
2023-10,2025-09,156520000.0
2023-11,2025-09,156661000.0
2023-12,2025-09,156930000.0
2024-01,2025-09,157049000.0
2024-02,2025-09,157271000.0
2024-03,2025-09,157517000.0
2024-04,2025-09,157635000.0
2024-05,2025-09,157828000.0
2024-06,2025-09,157915000.0
2024-07,2025-09,158003000.0
2024-08,2025-09,158074000.0
2024-09,2025-09,158314000.0
2024-10,2025-09,158358000.0
2024-11,2025-09,158619000.0
2024-12,2025-09,158926000.0
2025-01,2025-09,159037000.0
2025-02,2025-09,159139000.0
2025-03,2025-09,159259000.0
2025-04,2025-09,159417000.0
2025-05,2025-09,159436000.0
2025-06,2025-09,159423000.0
2025-07,2025-09,159502000.0
2025-08,2025-09,159524000.0
1939-01,2025-10,29923000.0
1939-02,2025-10,30100000.0
1939-03,2025-10,30280000.0
1939-04,2025-10,30094000.0
1939-05,2025-10,30299000.0
1939-06,2025-10,30502000.0
1939-07,2025-10,30419000.0
1939-08,2025-10,30663000.0
1939-09,2025-10,31031000.0
1939-10,2025-10,31411000.0
1939-11,2025-10,31470000.0
1939-12,2025-10,31542000.0
1940-01,2025-10,31603000.0
1940-02,2025-10,31715000.0
1940-03,2025-10,31825000.0
1940-04,2025-10,31701000.0
1940-05,2025-10,31879000.0
1940-06,2025-10,31977000.0
1940-07,2025-10,31942000.0
1940-08,2025-10,32352000.0
1940-09,2025-10,32810000.0
1940-10,2025-10,33267000.0
1940-11,2025-10,33669000.0
1940-12,2025-10,34174000.0
1941-01,2025-10,34481000.0
1941-02,2025-10,34843000.0
1941-03,2025-10,35092000.0
1941-04,2025-10,35468000.0
1941-05,2025-10,36182000.0
1941-06,2025-10,36650000.0
1941-07,2025-10,37137000.0
1941-08,2025-10,37544000.0
1941-09,2025-10,37835000.0
1941-10,2025-10,37949000.0
1941-11,2025-10,38024000.0
1941-12,2025-10,38104000.0
1942-01,2025-10,38347000.0
1942-02,2025-10,38512000.0
1942-03,2025-10,38935000.0
1942-04,2025-10,39352000.0
1942-05,2025-10,39771000.0
1942-06,2025-10,40029000.0
1942-07,2025-10,40472000.0
1942-08,2025-10,40988000.0
1942-09,2025-10,41259000.0
1942-10,2025-10,41515000.0
1942-11,2025-10,41674000.0
1942-12,2025-10,41915000.0
1943-01,2025-10,42172000.0
1943-02,2025-10,42393000.0
1943-03,2025-10,42552000.0
1943-04,2025-10,42647000.0
1943-05,2025-10,42596000.0
1943-06,2025-10,42781000.0
1943-07,2025-10,42700000.0
1943-08,2025-10,42546000.0
1943-09,2025-10,42492000.0
1943-10,2025-10,42675000.0
1943-11,2025-10,42821000.0
1943-12,2025-10,42746000.0
1944-01,2025-10,42654000.0
1944-02,2025-10,42538000.0
1944-03,2025-10,42294000.0
1944-04,2025-10,42063000.0
1944-05,2025-10,41985000.0
1944-06,2025-10,41947000.0
1944-07,2025-10,41904000.0
1944-08,2025-10,41850000.0
1944-09,2025-10,41679000.0
1944-10,2025-10,41708000.0
1944-11,2025-10,41711000.0
1944-12,2025-10,41860000.0
1945-01,2025-10,41895000.0
1945-02,2025-10,41897000.0
1945-03,2025-10,41798000.0
1945-04,2025-10,41446000.0
1945-05,2025-10,41304000.0
1945-06,2025-10,41149000.0
1945-07,2025-10,40874000.0
1945-08,2025-10,40466000.0
1945-09,2025-10,38507000.0
1945-10,2025-10,38600000.0
1945-11,2025-10,38996000.0
1945-12,2025-10,39110000.0
1946-01,2025-10,39829000.0
1946-02,2025-10,39244000.0
1946-03,2025-10,40195000.0
1946-04,2025-10,40913000.0
1946-05,2025-10,41349000.0
1946-06,2025-10,41735000.0
1946-07,2025-10,42153000.0
1946-08,2025-10,42642000.0
1946-09,2025-10,42915000.0
1946-10,2025-10,43093000.0
1946-11,2025-10,43395000.0
1946-12,2025-10,43379000.0
1947-01,2025-10,43535000.0
1947-02,2025-10,43557000.0
1947-03,2025-10,43607000.0
1947-04,2025-10,43499000.0
1947-05,2025-10,43638000.0
1947-06,2025-10,43810000.0
1947-07,2025-10,43743000.0
1947-08,2025-10,43960000.0
1947-09,2025-10,44203000.0
1947-10,2025-10,44411000.0
1947-11,2025-10,44484000.0
1947-12,2025-10,44581000.0
1948-01,2025-10,44679000.0
1948-02,2025-10,44533000.0
1948-03,2025-10,44683000.0
1948-04,2025-10,44379000.0
1948-05,2025-10,44796000.0
1948-06,2025-10,45034000.0
1948-07,2025-10,45160000.0
1948-08,2025-10,45178000.0
1948-09,2025-10,45294000.0
1948-10,2025-10,45245000.0
1948-11,2025-10,45192000.0
1948-12,2025-10,45032000.0
1949-01,2025-10,44668000.0
1949-02,2025-10,44497000.0
1949-03,2025-10,44240000.0
1949-04,2025-10,44236000.0
1949-05,2025-10,43984000.0
1949-06,2025-10,43739000.0
1949-07,2025-10,43531000.0
1949-08,2025-10,43624000.0
1949-09,2025-10,43780000.0
1949-10,2025-10,42942000.0
1949-11,2025-10,43242000.0
1949-12,2025-10,43522000.0
1950-01,2025-10,43526000.0
1950-02,2025-10,43297000.0
1950-03,2025-10,43954000.0
1950-04,2025-10,44382000.0
1950-05,2025-10,44718000.0
1950-06,2025-10,45083000.0
1950-07,2025-10,45454000.0
1950-08,2025-10,46192000.0
1950-09,2025-10,46438000.0
1950-10,2025-10,46706000.0
1950-11,2025-10,46776000.0
1950-12,2025-10,46861000.0
1951-01,2025-10,47288000.0
1951-02,2025-10,47577000.0
1951-03,2025-10,47873000.0
1951-04,2025-10,47861000.0
1951-05,2025-10,47952000.0
1951-06,2025-10,48064000.0
1951-07,2025-10,48061000.0
1951-08,2025-10,48012000.0
1951-09,2025-10,47954000.0
1951-10,2025-10,48006000.0
1951-11,2025-10,48147000.0
1951-12,2025-10,48314000.0
1952-01,2025-10,48296000.0
1952-02,2025-10,48522000.0
1952-03,2025-10,48504000.0
1952-04,2025-10,48620000.0
1952-05,2025-10,48642000.0
1952-06,2025-10,48282000.0
1952-07,2025-10,48143000.0
1952-08,2025-10,48924000.0
1952-09,2025-10,49320000.0
1952-10,2025-10,49597000.0
1952-11,2025-10,49816000.0
1952-12,2025-10,50166000.0
1953-01,2025-10,50144000.0
1953-02,2025-10,50339000.0
1953-03,2025-10,50473000.0
1953-04,2025-10,50435000.0
1953-05,2025-10,50490000.0
1953-06,2025-10,50519000.0
1953-07,2025-10,50536000.0
1953-08,2025-10,50489000.0
1953-09,2025-10,50368000.0
1953-10,2025-10,50240000.0
1953-11,2025-10,49908000.0
1953-12,2025-10,49703000.0
1954-01,2025-10,49469000.0
1954-02,2025-10,49382000.0
1954-03,2025-10,49157000.0
1954-04,2025-10,49179000.0
1954-05,2025-10,48965000.0
1954-06,2025-10,48895000.0
1954-07,2025-10,48835000.0
1954-08,2025-10,48826000.0
1954-09,2025-10,48886000.0
1954-10,2025-10,48942000.0
1954-11,2025-10,49180000.0
1954-12,2025-10,49331000.0
1955-01,2025-10,49496000.0
1955-02,2025-10,49644000.0
1955-03,2025-10,49962000.0
1955-04,2025-10,50248000.0
1955-05,2025-10,50512000.0
1955-06,2025-10,50790000.0
1955-07,2025-10,50987000.0
1955-08,2025-10,51111000.0
1955-09,2025-10,51266000.0
1955-10,2025-10,51429000.0
1955-11,2025-10,51592000.0
1955-12,2025-10,51805000.0
1956-01,2025-10,51975000.0
1956-02,2025-10,52167000.0
1956-03,2025-10,52294000.0
1956-04,2025-10,52375000.0
1956-05,2025-10,52506000.0
1956-06,2025-10,52586000.0
1956-07,2025-10,51955000.0
1956-08,2025-10,52631000.0
1956-09,2025-10,52604000.0
1956-10,2025-10,52777000.0
1956-11,2025-10,52821000.0
1956-12,2025-10,52929000.0
1957-01,2025-10,52887000.0
1957-02,2025-10,53097000.0
1957-03,2025-10,53156000.0
1957-04,2025-10,53238000.0
1957-05,2025-10,53150000.0
1957-06,2025-10,53067000.0
1957-07,2025-10,53123000.0
1957-08,2025-10,53128000.0
1957-09,2025-10,52934000.0
1957-10,2025-10,52763000.0
1957-11,2025-10,52558000.0
1957-12,2025-10,52384000.0
1958-01,2025-10,52076000.0
1958-02,2025-10,51576000.0
1958-03,2025-10,51299000.0
1958-04,2025-10,51027000.0
1958-05,2025-10,50914000.0
1958-06,2025-10,50914000.0
1958-07,2025-10,51039000.0
1958-08,2025-10,51233000.0
1958-09,2025-10,51506000.0
1958-10,2025-10,51485000.0
1958-11,2025-10,51944000.0
1958-12,2025-10,52085000.0
1959-01,2025-10,52478000.0
1959-02,2025-10,52688000.0
1959-03,2025-10,53014000.0
1959-04,2025-10,53321000.0
1959-05,2025-10,53550000.0
1959-06,2025-10,53681000.0
1959-07,2025-10,53804000.0
1959-08,2025-10,53336000.0
1959-09,2025-10,53428000.0
1959-10,2025-10,53358000.0
1959-11,2025-10,53634000.0
1959-12,2025-10,54174000.0
1960-01,2025-10,54274000.0
1960-02,2025-10,54513000.0
1960-03,2025-10,54454000.0
1960-04,2025-10,54813000.0
1960-05,2025-10,54475000.0
1960-06,2025-10,54348000.0
1960-07,2025-10,54306000.0
1960-08,2025-10,54272000.0
1960-09,2025-10,54227000.0
1960-10,2025-10,54142000.0
1960-11,2025-10,53961000.0
1960-12,2025-10,53742000.0
1961-01,2025-10,53683000.0
1961-02,2025-10,53557000.0
1961-03,2025-10,53659000.0
1961-04,2025-10,53627000.0
1961-05,2025-10,53786000.0
1961-06,2025-10,53977000.0
1961-07,2025-10,54123000.0
1961-08,2025-10,54298000.0
1961-09,2025-10,54388000.0
1961-10,2025-10,54522000.0
1961-11,2025-10,54742000.0
1961-12,2025-10,54872000.0
1962-01,2025-10,54891000.0
1962-02,2025-10,55188000.0
1962-03,2025-10,55275000.0
1962-04,2025-10,55602000.0
1962-05,2025-10,55628000.0
1962-06,2025-10,55644000.0
1962-07,2025-10,55746000.0
1962-08,2025-10,55838000.0
1962-09,2025-10,55978000.0
1962-10,2025-10,56041000.0
1962-11,2025-10,56056000.0
1962-12,2025-10,56028000.0
1963-01,2025-10,56115000.0
1963-02,2025-10,56230000.0
1963-03,2025-10,56320000.0
1963-04,2025-10,56580000.0
1963-05,2025-10,56616000.0
1963-06,2025-10,56659000.0
1963-07,2025-10,56794000.0
1963-08,2025-10,56910000.0
1963-09,2025-10,57078000.0
1963-10,2025-10,57283000.0
1963-11,2025-10,57255000.0
1963-12,2025-10,57361000.0
1964-01,2025-10,57487000.0
1964-02,2025-10,57753000.0
1964-03,2025-10,57897000.0
1964-04,2025-10,57922000.0
1964-05,2025-10,58089000.0
1964-06,2025-10,58219000.0
1964-07,2025-10,58412000.0
1964-08,2025-10,58619000.0
1964-09,2025-10,58903000.0
1964-10,2025-10,58793000.0
1964-11,2025-10,59218000.0
1964-12,2025-10,59421000.0
1965-01,2025-10,59582000.0
1965-02,2025-10,59800000.0
1965-03,2025-10,60003000.0
1965-04,2025-10,60259000.0
1965-05,2025-10,60491000.0
1965-06,2025-10,60690000.0
1965-07,2025-10,60965000.0
1965-08,2025-10,61228000.0
1965-09,2025-10,61490000.0
1965-10,2025-10,61719000.0
1965-11,2025-10,61996000.0
1965-12,2025-10,62322000.0
1966-01,2025-10,62529000.0
1966-02,2025-10,62796000.0
1966-03,2025-10,63192000.0
1966-04,2025-10,63437000.0
1966-05,2025-10,63712000.0
1966-06,2025-10,64111000.0
1966-07,2025-10,64301000.0
1966-08,2025-10,64507000.0
1966-09,2025-10,64643000.0
1966-10,2025-10,64854000.0
1966-11,2025-10,65019000.0
1966-12,2025-10,65199000.0
1967-01,2025-10,65407000.0
1967-02,2025-10,65429000.0
1967-03,2025-10,65530000.0
1967-04,2025-10,65466000.0
1967-05,2025-10,65620000.0
1967-06,2025-10,65750000.0
1967-07,2025-10,65888000.0
1967-08,2025-10,66143000.0
1967-09,2025-10,66164000.0
1967-10,2025-10,66225000.0
1967-11,2025-10,66703000.0
1967-12,2025-10,66900000.0
1968-01,2025-10,66804000.0
1968-02,2025-10,67215000.0
1968-03,2025-10,67295000.0
1968-04,2025-10,67556000.0
1968-05,2025-10,67652000.0
1968-06,2025-10,67905000.0
1968-07,2025-10,68126000.0
1968-08,2025-10,68330000.0
1968-09,2025-10,68484000.0
1968-10,2025-10,68721000.0
1968-11,2025-10,68984000.0
1968-12,2025-10,69248000.0
1969-01,2025-10,69439000.0
1969-02,2025-10,69699000.0
1969-03,2025-10,69905000.0
1969-04,2025-10,70072000.0
1969-05,2025-10,70328000.0
1969-06,2025-10,70636000.0
1969-07,2025-10,70729000.0
1969-08,2025-10,71008000.0
1969-09,2025-10,70914000.0
1969-10,2025-10,71121000.0
1969-11,2025-10,71086000.0
1969-12,2025-10,71241000.0
1970-01,2025-10,71176000.0
1970-02,2025-10,71305000.0
1970-03,2025-10,71451000.0
1970-04,2025-10,71348000.0
1970-05,2025-10,71124000.0
1970-06,2025-10,71029000.0
1970-07,2025-10,71053000.0
1970-08,2025-10,70937000.0
1970-09,2025-10,70944000.0
1970-10,2025-10,70521000.0
1970-11,2025-10,70409000.0
1970-12,2025-10,70792000.0
1971-01,2025-10,70865000.0
1971-02,2025-10,70807000.0
1971-03,2025-10,70860000.0
1971-04,2025-10,71036000.0
1971-05,2025-10,71247000.0
1971-06,2025-10,71254000.0
1971-07,2025-10,71315000.0
1971-08,2025-10,71373000.0
1971-09,2025-10,71614000.0
1971-10,2025-10,71642000.0
1971-11,2025-10,71847000.0
1971-12,2025-10,72109000.0
1972-01,2025-10,72441000.0
1972-02,2025-10,72648000.0
1972-03,2025-10,72944000.0
1972-04,2025-10,73162000.0
1972-05,2025-10,73469000.0
1972-06,2025-10,73758000.0
1972-07,2025-10,73709000.0
1972-08,2025-10,74141000.0
1972-09,2025-10,74264000.0
1972-10,2025-10,74674000.0
1972-11,2025-10,74973000.0
1972-12,2025-10,75268000.0
1973-01,2025-10,75617000.0
1973-02,2025-10,76014000.0
1973-03,2025-10,76284000.0
1973-04,2025-10,76455000.0
1973-05,2025-10,76648000.0
1973-06,2025-10,76887000.0
1973-07,2025-10,76913000.0
1973-08,2025-10,77168000.0
1973-09,2025-10,77276000.0
1973-10,2025-10,77607000.0
1973-11,2025-10,77920000.0
1973-12,2025-10,78031000.0
1974-01,2025-10,78100000.0
1974-02,2025-10,78254000.0
1974-03,2025-10,78296000.0
1974-04,2025-10,78382000.0
1974-05,2025-10,78549000.0
1974-06,2025-10,78604000.0
1974-07,2025-10,78636000.0
1974-08,2025-10,78619000.0
1974-09,2025-10,78610000.0
1974-10,2025-10,78630000.0
1974-11,2025-10,78265000.0
1974-12,2025-10,77652000.0
1975-01,2025-10,77293000.0
1975-02,2025-10,76918000.0
1975-03,2025-10,76648000.0
1975-04,2025-10,76460000.0
1975-05,2025-10,76624000.0
1975-06,2025-10,76521000.0
1975-07,2025-10,76770000.0
1975-08,2025-10,77153000.0
1975-09,2025-10,77228000.0
1975-10,2025-10,77540000.0
1975-11,2025-10,77685000.0
1975-12,2025-10,78017000.0
1976-01,2025-10,78503000.0
1976-02,2025-10,78816000.0
1976-03,2025-10,79048000.0
1976-04,2025-10,79292000.0
1976-05,2025-10,79312000.0
1976-06,2025-10,79376000.0
1976-07,2025-10,79547000.0
1976-08,2025-10,79704000.0
1976-09,2025-10,79892000.0
1976-10,2025-10,79911000.0
1976-11,2025-10,80240000.0
1976-12,2025-10,80448000.0
1977-01,2025-10,80690000.0
1977-02,2025-10,80988000.0
1977-03,2025-10,81391000.0
1977-04,2025-10,81728000.0
1977-05,2025-10,82088000.0
1977-06,2025-10,82488000.0
1977-07,2025-10,82834000.0
1977-08,2025-10,83075000.0
1977-09,2025-10,83532000.0
1977-10,2025-10,83800000.0
1977-11,2025-10,84173000.0
1977-12,2025-10,84410000.0
1978-01,2025-10,84594000.0
1978-02,2025-10,84948000.0
1978-03,2025-10,85460000.0
1978-04,2025-10,86162000.0
1978-05,2025-10,86509000.0
1978-06,2025-10,86950000.0
1978-07,2025-10,87204000.0
1978-08,2025-10,87483000.0
1978-09,2025-10,87621000.0
1978-10,2025-10,87956000.0
1978-11,2025-10,88391000.0
1978-12,2025-10,88671000.0
1979-01,2025-10,88808000.0
1979-02,2025-10,89055000.0
1979-03,2025-10,89479000.0
1979-04,2025-10,89417000.0
1979-05,2025-10,89789000.0
1979-06,2025-10,90108000.0
1979-07,2025-10,90217000.0
1979-08,2025-10,90300000.0
1979-09,2025-10,90327000.0
1979-10,2025-10,90481000.0
1979-11,2025-10,90573000.0
1979-12,2025-10,90672000.0
1980-01,2025-10,90800000.0
1980-02,2025-10,90883000.0
1980-03,2025-10,90994000.0
1980-04,2025-10,90849000.0
1980-05,2025-10,90420000.0
1980-06,2025-10,90101000.0
1980-07,2025-10,89840000.0
1980-08,2025-10,90099000.0
1980-09,2025-10,90213000.0
1980-10,2025-10,90490000.0
1980-11,2025-10,90747000.0
1980-12,2025-10,90943000.0
1981-01,2025-10,91033000.0
1981-02,2025-10,91105000.0
1981-03,2025-10,91210000.0
1981-04,2025-10,91283000.0
1981-05,2025-10,91296000.0
1981-06,2025-10,91490000.0
1981-07,2025-10,91601000.0
1981-08,2025-10,91565000.0
1981-09,2025-10,91477000.0
1981-10,2025-10,91380000.0
1981-11,2025-10,91171000.0
1981-12,2025-10,90895000.0
1982-01,2025-10,90565000.0
1982-02,2025-10,90563000.0
1982-03,2025-10,90434000.0
1982-04,2025-10,90150000.0
1982-05,2025-10,90107000.0
1982-06,2025-10,89865000.0
1982-07,2025-10,89521000.0
1982-08,2025-10,89363000.0
1982-09,2025-10,89183000.0
1982-10,2025-10,88907000.0
1982-11,2025-10,88786000.0
1982-12,2025-10,88771000.0
1983-01,2025-10,88990000.0
1983-02,2025-10,88917000.0
1983-03,2025-10,89090000.0
1983-04,2025-10,89364000.0
1983-05,2025-10,89644000.0
1983-06,2025-10,90021000.0
1983-07,2025-10,90437000.0
1983-08,2025-10,90129000.0
1983-09,2025-10,91247000.0
1983-10,2025-10,91520000.0
1983-11,2025-10,91875000.0
1983-12,2025-10,92230000.0
1984-01,2025-10,92673000.0
1984-02,2025-10,93157000.0
1984-03,2025-10,93429000.0
1984-04,2025-10,93792000.0
1984-05,2025-10,94098000.0
1984-06,2025-10,94479000.0
1984-07,2025-10,94789000.0
1984-08,2025-10,95032000.0
1984-09,2025-10,95344000.0
1984-10,2025-10,95629000.0
1984-11,2025-10,95982000.0
1984-12,2025-10,96107000.0
1985-01,2025-10,96372000.0
1985-02,2025-10,96503000.0
1985-03,2025-10,96842000.0
1985-04,2025-10,97038000.0
1985-05,2025-10,97312000.0
1985-06,2025-10,97459000.0
1985-07,2025-10,97648000.0
1985-08,2025-10,97840000.0
1985-09,2025-10,98045000.0
1985-10,2025-10,98233000.0
1985-11,2025-10,98443000.0
1985-12,2025-10,98609000.0
1986-01,2025-10,98732000.0
1986-02,2025-10,98847000.0
1986-03,2025-10,98934000.0
1986-04,2025-10,99121000.0
1986-05,2025-10,99248000.0
1986-06,2025-10,99155000.0
1986-07,2025-10,99473000.0
1986-08,2025-10,99588000.0
1986-09,2025-10,99934000.0
1986-10,2025-10,100121000.0
1986-11,2025-10,100308000.0
1986-12,2025-10,100509000.0
1987-01,2025-10,100678000.0
1987-02,2025-10,100919000.0
1987-03,2025-10,101164000.0
1987-04,2025-10,101499000.0
1987-05,2025-10,101728000.0
1987-06,2025-10,101900000.0
1987-07,2025-10,102247000.0
1987-08,2025-10,102420000.0
1987-09,2025-10,102647000.0
1987-10,2025-10,103138000.0
1987-11,2025-10,103372000.0
1987-12,2025-10,103661000.0
1988-01,2025-10,103753000.0
1988-02,2025-10,104214000.0
1988-03,2025-10,104489000.0
1988-04,2025-10,104732000.0
1988-05,2025-10,104962000.0
1988-06,2025-10,105326000.0
1988-07,2025-10,105550000.0
1988-08,2025-10,105674000.0
1988-09,2025-10,106013000.0
1988-10,2025-10,106276000.0
1988-11,2025-10,106617000.0
1988-12,2025-10,106898000.0
1989-01,2025-10,107161000.0
1989-02,2025-10,107427000.0
1989-03,2025-10,107621000.0
1989-04,2025-10,107791000.0
1989-05,2025-10,107913000.0
1989-06,2025-10,108027000.0
1989-07,2025-10,108069000.0
1989-08,2025-10,108120000.0
1989-09,2025-10,108369000.0
1989-10,2025-10,108476000.0
1989-11,2025-10,108752000.0
1989-12,2025-10,108836000.0
1990-01,2025-10,109196000.0
1990-02,2025-10,109436000.0
1990-03,2025-10,109640000.0
1990-04,2025-10,109674000.0
1990-05,2025-10,109828000.0
1990-06,2025-10,109850000.0
1990-07,2025-10,109815000.0
1990-08,2025-10,109606000.0
1990-09,2025-10,109523000.0
1990-10,2025-10,109377000.0
1990-11,2025-10,109222000.0
1990-12,2025-10,109168000.0
1991-01,2025-10,109058000.0
1991-02,2025-10,108735000.0
1991-03,2025-10,108568000.0
1991-04,2025-10,108350000.0
1991-05,2025-10,108253000.0
1991-06,2025-10,108330000.0
1991-07,2025-10,108290000.0
1991-08,2025-10,108299000.0
1991-09,2025-10,108335000.0
1991-10,2025-10,108361000.0
1991-11,2025-10,108300000.0
1991-12,2025-10,108330000.0
1992-01,2025-10,108365000.0
1992-02,2025-10,108313000.0
1992-03,2025-10,108367000.0
1992-04,2025-10,108517000.0
1992-05,2025-10,108647000.0
1992-06,2025-10,108707000.0
1992-07,2025-10,108792000.0
1992-08,2025-10,108916000.0
1992-09,2025-10,108952000.0
1992-10,2025-10,109138000.0
1992-11,2025-10,109283000.0
1992-12,2025-10,109502000.0
1993-01,2025-10,109790000.0
1993-02,2025-10,110048000.0
1993-03,2025-10,110004000.0
1993-04,2025-10,110300000.0
1993-05,2025-10,110571000.0
1993-06,2025-10,110742000.0
1993-07,2025-10,111054000.0
1993-08,2025-10,111200000.0
1993-09,2025-10,111449000.0
1993-10,2025-10,111734000.0
1993-11,2025-10,111988000.0
1993-12,2025-10,112324000.0
1994-01,2025-10,112601000.0
1994-02,2025-10,112782000.0
1994-03,2025-10,113245000.0
1994-04,2025-10,113589000.0
1994-05,2025-10,113922000.0
1994-06,2025-10,114239000.0
1994-07,2025-10,114608000.0
1994-08,2025-10,114903000.0
1994-09,2025-10,115247000.0
1994-10,2025-10,115457000.0
1994-11,2025-10,115868000.0
1994-12,2025-10,116173000.0
1995-01,2025-10,116505000.0
1995-02,2025-10,116694000.0
1995-03,2025-10,116908000.0
1995-04,2025-10,117065000.0
1995-05,2025-10,117047000.0
1995-06,2025-10,117291000.0
1995-07,2025-10,117382000.0
1995-08,2025-10,117646000.0
1995-09,2025-10,117873000.0
1995-10,2025-10,118026000.0
1995-11,2025-10,118165000.0
1995-12,2025-10,118325000.0
1996-01,2025-10,118317000.0
1996-02,2025-10,118737000.0
1996-03,2025-10,118992000.0
1996-04,2025-10,119158000.0
1996-05,2025-10,119496000.0
1996-06,2025-10,119770000.0
1996-07,2025-10,120019000.0
1996-08,2025-10,120198000.0
1996-09,2025-10,120400000.0
1996-10,2025-10,120665000.0
1996-11,2025-10,120947000.0
1996-12,2025-10,121143000.0
1997-01,2025-10,121357000.0
1997-02,2025-10,121674000.0
1997-03,2025-10,121991000.0
1997-04,2025-10,122288000.0
1997-05,2025-10,122560000.0
1997-06,2025-10,122816000.0
1997-07,2025-10,123114000.0
1997-08,2025-10,123086000.0
1997-09,2025-10,123575000.0
1997-10,2025-10,123924000.0
1997-11,2025-10,124226000.0
1997-12,2025-10,124549000.0
1998-01,2025-10,124806000.0
1998-02,2025-10,125017000.0
1998-03,2025-10,125165000.0
1998-04,2025-10,125446000.0
1998-05,2025-10,125846000.0
1998-06,2025-10,126076000.0
1998-07,2025-10,126211000.0
1998-08,2025-10,126546000.0
1998-09,2025-10,126744000.0
1998-10,2025-10,126948000.0
1998-11,2025-10,127223000.0
1998-12,2025-10,127595000.0
1999-01,2025-10,127699000.0
1999-02,2025-10,128118000.0
1999-03,2025-10,128234000.0
1999-04,2025-10,128596000.0
1999-05,2025-10,128813000.0
1999-06,2025-10,129084000.0
1999-07,2025-10,129421000.0
1999-08,2025-10,129572000.0
1999-09,2025-10,129772000.0
1999-10,2025-10,130178000.0
1999-11,2025-10,130467000.0
1999-12,2025-10,130783000.0
2000-01,2025-10,131011000.0
2000-02,2025-10,131121000.0
2000-03,2025-10,131604000.0
2000-04,2025-10,131883000.0
2000-05,2025-10,132105000.0
2000-06,2025-10,132062000.0
2000-07,2025-10,132228000.0
2000-08,2025-10,132234000.0
2000-09,2025-10,132338000.0
2000-10,2025-10,132352000.0
2000-11,2025-10,132556000.0
2000-12,2025-10,132716000.0
2001-01,2025-10,132703000.0
2001-02,2025-10,132788000.0
2001-03,2025-10,132751000.0
2001-04,2025-10,132457000.0
2001-05,2025-10,132409000.0
2001-06,2025-10,132299000.0
2001-07,2025-10,132171000.0
2001-08,2025-10,132021000.0
2001-09,2025-10,131763000.0
2001-10,2025-10,131452000.0
2001-11,2025-10,131144000.0
2001-12,2025-10,130983000.0
2002-01,2025-10,130859000.0
2002-02,2025-10,130736000.0
2002-03,2025-10,130722000.0
2002-04,2025-10,130615000.0
2002-05,2025-10,130632000.0
2002-06,2025-10,130673000.0
2002-07,2025-10,130583000.0
2002-08,2025-10,130582000.0
2002-09,2025-10,130503000.0
2002-10,2025-10,130617000.0
2002-11,2025-10,130616000.0
2002-12,2025-10,130465000.0
2003-01,2025-10,130573000.0
2003-02,2025-10,130441000.0
2003-03,2025-10,130235000.0
2003-04,2025-10,130172000.0
2003-05,2025-10,130196000.0
2003-06,2025-10,130185000.0
2003-07,2025-10,130184000.0
2003-08,2025-10,130153000.0
2003-09,2025-10,130253000.0
2003-10,2025-10,130440000.0
2003-11,2025-10,130481000.0
2003-12,2025-10,130589000.0
2004-01,2025-10,130756000.0
2004-02,2025-10,130820000.0
2004-03,2025-10,131139000.0
2004-04,2025-10,131412000.0
2004-05,2025-10,131697000.0
2004-06,2025-10,131794000.0
2004-07,2025-10,131853000.0
2004-08,2025-10,131940000.0
2004-09,2025-10,132091000.0
2004-10,2025-10,132431000.0
2004-11,2025-10,132504000.0
2004-12,2025-10,132629000.0
2005-01,2025-10,132781000.0
2005-02,2025-10,133033000.0
2005-03,2025-10,133152000.0
2005-04,2025-10,133519000.0
2005-05,2025-10,133689000.0
2005-06,2025-10,133947000.0
2005-07,2025-10,134300000.0
2005-08,2025-10,134503000.0
2005-09,2025-10,134554000.0
2005-10,2025-10,134643000.0
2005-11,2025-10,134999000.0
2005-12,2025-10,135158000.0
2006-01,2025-10,135426000.0
2006-02,2025-10,135731000.0
2006-03,2025-10,136036000.0
2006-04,2025-10,136208000.0
2006-05,2025-10,136249000.0
2006-06,2025-10,136335000.0
2006-07,2025-10,136529000.0
2006-08,2025-10,136693000.0
2006-09,2025-10,136829000.0
2006-10,2025-10,136846000.0
2006-11,2025-10,137061000.0
2006-12,2025-10,137249000.0
2007-01,2025-10,137472000.0
2007-02,2025-10,137558000.0
2007-03,2025-10,137782000.0
2007-04,2025-10,137845000.0
2007-05,2025-10,137993000.0
2007-06,2025-10,138069000.0
2007-07,2025-10,138044000.0
2007-08,2025-10,138013000.0
2007-09,2025-10,138101000.0
2007-10,2025-10,138177000.0
2007-11,2025-10,138291000.0
2007-12,2025-10,138395000.0
2008-01,2025-10,138391000.0
2008-02,2025-10,138327000.0
2008-03,2025-10,138257000.0
2008-04,2025-10,138038000.0
2008-05,2025-10,137851000.0
2008-06,2025-10,137698000.0
2008-07,2025-10,137498000.0
2008-08,2025-10,137211000.0
2008-09,2025-10,136762000.0
2008-10,2025-10,136293000.0
2008-11,2025-10,135543000.0
2008-12,2025-10,134847000.0
2009-01,2025-10,134078000.0
2009-02,2025-10,133317000.0
2009-03,2025-10,132492000.0
2009-04,2025-10,131821000.0
2009-05,2025-10,131468000.0
2009-06,2025-10,131007000.0
2009-07,2025-10,130662000.0
2009-08,2025-10,130472000.0
2009-09,2025-10,130247000.0
2009-10,2025-10,130062000.0
2009-11,2025-10,130058000.0
2009-12,2025-10,129808000.0
2010-01,2025-10,129802000.0
2010-02,2025-10,129705000.0
2010-03,2025-10,129865000.0
2010-04,2025-10,130120000.0
2010-05,2025-10,130643000.0
2010-06,2025-10,130509000.0
2010-07,2025-10,130415000.0
2010-08,2025-10,130416000.0
2010-09,2025-10,130342000.0
2010-10,2025-10,130621000.0
2010-11,2025-10,130749000.0
2010-12,2025-10,130830000.0
2011-01,2025-10,130837000.0
2011-02,2025-10,131056000.0
2011-03,2025-10,131282000.0
2011-04,2025-10,131597000.0
2011-05,2025-10,131704000.0
2011-06,2025-10,131931000.0
2011-07,2025-10,131993000.0
2011-08,2025-10,132125000.0
2011-09,2025-10,132344000.0
2011-10,2025-10,132553000.0
2011-11,2025-10,132690000.0
2011-12,2025-10,132888000.0
2012-01,2025-10,133245000.0
2012-02,2025-10,133508000.0
2012-03,2025-10,133748000.0
2012-04,2025-10,133825000.0
2012-05,2025-10,133933000.0
2012-06,2025-10,134012000.0
2012-07,2025-10,134157000.0
2012-08,2025-10,134338000.0
2012-09,2025-10,134517000.0
2012-10,2025-10,134668000.0
2012-11,2025-10,134825000.0
2012-12,2025-10,135074000.0
2013-01,2025-10,135257000.0
2013-02,2025-10,135545000.0
2013-03,2025-10,135689000.0
2013-04,2025-10,135873000.0
2013-05,2025-10,136095000.0
2013-06,2025-10,136279000.0
2013-07,2025-10,136391000.0
2013-08,2025-10,136646000.0
2013-09,2025-10,136821000.0
2013-10,2025-10,137041000.0
2013-11,2025-10,137316000.0
2013-12,2025-10,137373000.0
2014-01,2025-10,137561000.0
2014-02,2025-10,137712000.0
2014-03,2025-10,137985000.0
2014-04,2025-10,138297000.0
2014-05,2025-10,138512000.0
2014-06,2025-10,138849000.0
2014-07,2025-10,139073000.0
2014-08,2025-10,139269000.0
2014-09,2025-10,139563000.0
2014-10,2025-10,139797000.0
2014-11,2025-10,140090000.0
2014-12,2025-10,140364000.0
2015-01,2025-10,140568000.0
2015-02,2025-10,140827000.0
2015-03,2025-10,140923000.0
2015-04,2025-10,141196000.0
2015-05,2025-10,141538000.0
2015-06,2025-10,141709000.0
2015-07,2025-10,141991000.0
2015-08,2025-10,142125000.0
2015-09,2025-10,142275000.0
2015-10,2025-10,142579000.0
2015-11,2025-10,142808000.0
2015-12,2025-10,143077000.0
2016-01,2025-10,143210000.0
2016-02,2025-10,143407000.0
2016-03,2025-10,143662000.0
2016-04,2025-10,143855000.0
2016-05,2025-10,143900000.0
2016-06,2025-10,144146000.0
2016-07,2025-10,144520000.0
2016-08,2025-10,144662000.0
2016-09,2025-10,144967000.0
2016-10,2025-10,145066000.0
2016-11,2025-10,145183000.0
2016-12,2025-10,145408000.0
2017-01,2025-10,145628000.0
2017-02,2025-10,145848000.0
2017-03,2025-10,145969000.0
2017-04,2025-10,146174000.0
2017-05,2025-10,146380000.0
2017-06,2025-10,146583000.0
2017-07,2025-10,146772000.0
2017-08,2025-10,146919000.0
2017-09,2025-10,147007000.0
2017-10,2025-10,147150000.0
2017-11,2025-10,147373000.0
2017-12,2025-10,147523000.0
2018-01,2025-10,147660000.0
2018-02,2025-10,148054000.0
2018-03,2025-10,148280000.0
2018-04,2025-10,148422000.0
2018-05,2025-10,148740000.0
2018-06,2025-10,148959000.0
2018-07,2025-10,149020000.0
2018-08,2025-10,149279000.0
2018-09,2025-10,149358000.0
2018-10,2025-10,149526000.0
2018-11,2025-10,149617000.0
2018-12,2025-10,149809000.0
2019-01,2025-10,150059000.0
2019-02,2025-10,150065000.0
2019-03,2025-10,150295000.0
2019-04,2025-10,150593000.0
2019-05,2025-10,150621000.0
2019-06,2025-10,150839000.0
2019-07,2025-10,150936000.0
2019-08,2025-10,151171000.0
2019-09,2025-10,151365000.0
2019-10,2025-10,151460000.0
2019-11,2025-10,151668000.0
2019-12,2025-10,151795000.0
2020-01,2025-10,152031000.0
2020-02,2025-10,152292000.0
2020-03,2025-10,150895000.0
2020-04,2025-10,130424000.0
2020-05,2025-10,133040000.0
2020-06,2025-10,137671000.0
2020-07,2025-10,139255000.0
2020-08,2025-10,140819000.0
2020-09,2025-10,141770000.0
2020-10,2025-10,142461000.0
2020-11,2025-10,142731000.0
2020-12,2025-10,142548000.0
2021-01,2025-10,142913000.0
2021-02,2025-10,143422000.0
2021-03,2025-10,144246000.0
2021-04,2025-10,144611000.0
2021-05,2025-10,145032000.0
2021-06,2025-10,145828000.0
2021-07,2025-10,146759000.0
2021-08,2025-10,147246000.0
2021-09,2025-10,147712000.0
2021-10,2025-10,148569000.0
2021-11,2025-10,149206000.0
2021-12,2025-10,149781000.0
2022-01,2025-10,150006000.0
2022-02,2025-10,150875000.0
2022-03,2025-10,151346000.0
2022-04,2025-10,151651000.0
2022-05,2025-10,151892000.0
2022-06,2025-10,152353000.0
2022-07,2025-10,153049000.0
2022-08,2025-10,153286000.0
2022-09,2025-10,153513000.0
2022-10,2025-10,153913000.0
2022-11,2025-10,154210000.0
2022-12,2025-10,154336000.0
2023-01,2025-10,154780000.0
2023-02,2025-10,155086000.0
2023-03,2025-10,155171000.0
2023-04,2025-10,155387000.0
2023-05,2025-10,155614000.0
2023-06,2025-10,155871000.0
2023-07,2025-10,156019000.0
2023-08,2025-10,156176000.0
2023-09,2025-10,156334000.0
2023-10,2025-10,156520000.0
2023-11,2025-10,156661000.0
2023-12,2025-10,156930000.0
2024-01,2025-10,157049000.0
2024-02,2025-10,157271000.0
2024-03,2025-10,157517000.0
2024-04,2025-10,157635000.0
2024-05,2025-10,157828000.0
2024-06,2025-10,157915000.0
2024-07,2025-10,158003000.0
2024-08,2025-10,158074000.0
2024-09,2025-10,158314000.0
2024-10,2025-10,158358000.0
2024-11,2025-10,158619000.0
2024-12,2025-10,158942000.0
2025-01,2025-10,159053000.0
2025-02,2025-10,159155000.0
2025-03,2025-10,159275000.0
2025-04,2025-10,159433000.0
2025-05,2025-10,159452000.0
2025-06,2025-10,159439000.0
2025-07,2025-10,159511000.0
2025-08,2025-10,159507000.0
2025-09,2025-10,159626000.0
